term,beta_1se_halfand10,beta_min_halfand10,beta_1se_1and10,beta_min_1and10,beta_1se_1and20,beta_min_1and20,beta_1se_Tracts_half,beta_min_Tracts_half,beta_1se_Tracts1,beta_min_Tracts1
Urban1,0.28445726175336417,0.3464536233550431,0,0,0,0,0.35644089061176254,0.3883305325872935,0,0
CensusTract36001013000,0,0,0,0,0.0102729991031694,0.0102729991031694,0,0,0.0102729991031694,0.0102729991031694
CensusTract36001014302,0,0,0,0,0.026703268725029476,0.026703268725029476,0,0,0.026703268725029476,0.026703268725029476
CensusTract36009940300,0,0,0,0,0.023675950928170198,0.023675950928170198,0,0,0.023675950928170198,0.023675950928170198
CensusTract36025970800,0,0,0,0,0.011424478503674009,0.011424478503674009,0,0,0.011424478503674009,0.011424478503674009
CensusTract36025970900,0,0.14255407629230285,0,0,0,0,0,0.0482019383113409,0,0
CensusTract36029000800,0,0,0,0,-0.007968366827274791,-0.007968366827274791,0,0,-0.007968366827274791,-0.007968366827274791
CensusTract36029006602,0,0,0,0,0,0,0,-7.358600815480194e-4,0,0
CensusTract36029009006,0,0,0,0,-0.008995909795424646,-0.008995909795424646,0,0,-0.008995909795424646,-0.008995909795424646
CensusTract36029009115,0,0,0,0,0.44194775615211457,0.44194775615211457,0,0,0.44194775615211457,0.44194775615211457
CensusTract36029011200,0,0,0,0,0.020962021249792816,0.020962021249792816,0,0,0.020962021249792816,0.020962021249792816
CensusTract36029013502,0,0,0,0,0.03461248972961472,0.03461248972961472,0,0,0.03461248972961472,0.03461248972961472
CensusTract36029014206,0,0,0,0,0.026032818357278494,0.026032818357278494,0,0,0.026032818357278494,0.026032818357278494
CensusTract36047001100,0.24022029495392241,0.7314681552936075,0,0,0,0,0.4673004410640376,0.6568675243210418,0,0
CensusTract36047109800,0,8.445569115998629e-4,0,0,0,0,0,0.027024150210015096,0,0
CensusTract36053030900,0,0,0,0,0.005003318707534245,0.005003318707534245,0,0,0.005003318707534245,0.005003318707534245
CensusTract36055001800,0,0,0,0,-0.012101567365271472,-0.012101567365271472,0,0,-0.012101567365271472,-0.012101567365271472
CensusTract36055002000,0,0,0,0,-0.015843972351518423,-0.015843972351518423,0,0,-0.015843972351518423,-0.015843972351518423
CensusTract36055008600,0,0,0,0,0.011039077825776627,0.011039077825776627,0,0,0.011039077825776627,0.011039077825776627
CensusTract36055010200,0,0,0,0,0.007037072803090426,0.007037072803090426,0,0,0.007037072803090426,0.007037072803090426
CensusTract36055010602,0,0,0,0,-0.014641240909147564,-0.014641240909147564,0,0,-0.014641240909147564,-0.014641240909147564
CensusTract36055010800,0,0,0,0,-0.01646497766400311,-0.01646497766400311,0,0,-0.01646497766400311,-0.01646497766400311
CensusTract36055010902,0,0,0,0,-0.017381681745902346,-0.017381681745902346,0,0,-0.017381681745902346,-0.017381681745902346
CensusTract36055011207,0,0,0,0,0.013469583829064404,0.013469583829064404,0,0,0.013469583829064404,0.013469583829064404
CensusTract36055011208,0,0,0,0,-0.016943426751189986,-0.016943426751189986,0,0,-0.016943426751189986,-0.016943426751189986
CensusTract36055011708,0,0,0,0,0.016467062611800424,0.016467062611800424,0,0,0.016467062611800424,0.016467062611800424
CensusTract36055011902,0,0,0,0,0.002153901889629613,0.002153901889629613,0,0,0.002153901889629613,0.002153901889629613
CensusTract36055012401,0,0,0,0,0.018756709001396598,0.018756709001396598,0,0,0.018756709001396598,0.018756709001396598
CensusTract36055012700,0,0,0,0,0.027684599861179843,0.027684599861179843,0,0,0.027684599861179843,0.027684599861179843
CensusTract36055012900,0,0,0,0,0.025607500940369024,0.025607500940369024,0,0,0.025607500940369024,0.025607500940369024
CensusTract36055013505,0,0,0,0,-0.006124480995635964,-0.006124480995635964,0,0,-0.006124480995635964,-0.006124480995635964
CensusTract36055013601,0,0,0,0,-0.002974632387079644,-0.002974632387079644,0,0,-0.002974632387079644,-0.002974632387079644
CensusTract36055013800,0,0,0,0,0.004298778566138002,0.004298778566138002,0,0,0.004298778566138002,0.004298778566138002
CensusTract36055013902,0,0,0,0,-0.021218709358013548,-0.021218709358013548,0,0,-0.021218709358013548,-0.021218709358013548
CensusTract36055014001,0,0,0,0,0.008744497887223717,0.008744497887223717,0,0,0.008744497887223717,0.008744497887223717
CensusTract36055014504,0,0,0,0,0.007463413586095274,0.007463413586095274,0,0,0.007463413586095274,0.007463413586095274
CensusTract36055014901,0,0,0,0,0.02037096276424943,0.02037096276424943,0,0,0.02037096276424943,0.02037096276424943
CensusTract36067010200,0,0,0,0,0.01525344613365066,0.01525344613365066,0,0,0.01525344613365066,0.01525344613365066
CensusTract36067011600,0,0,0,0,0.005884853015966434,0.005884853015966434,0,0,0.005884853015966434,0.005884853015966434
CensusTract36067015100,0,0,0,0,0.016444582727048285,0.016444582727048285,0,0,0.016444582727048285,0.016444582727048285
CensusTract36071013800,0,0,0,0,0.011652987778030484,0.011652987778030484,0,0,0.011652987778030484,0.011652987778030484
CensusTract36071014301,0,0,0,0,0.004636686538997644,0.004636686538997644,0,0,0.004636686538997644,0.004636686538997644
CensusTract36071015003,0,0,0,0,-0.007749328259636713,-0.007749328259636713,0,0,-0.007749328259636713,-0.007749328259636713
CensusTract36083040300,0,0,0,0,-0.004162872038839109,-0.004162872038839109,0,0,-0.004162872038839109,-0.004162872038839109
CensusTract36083052501,0,0,0,0,0.008412465317378322,0.008412465317378322,0,0,0.008412465317378322,0.008412465317378322
CensusTract36087010802,0,0,0,0,0.007147048762086561,0.007147048762086561,0,0,0.007147048762086561,0.007147048762086561
CensusTract36087010901,0,0,0,0,0.009593476254187374,0.009593476254187374,0,0,0.009593476254187374,0.009593476254187374
CensusTract36087011302,0,0,0,0,0.01713156598818158,0.01713156598818158,0,0,0.01713156598818158,0.01713156598818158
CensusTract36087011504,0,0,0,0,-0.021220435641408734,-0.021220435641408734,0,0,-0.021220435641408734,-0.021220435641408734
CensusTract36087013100,0,0,0,0,-0.0040568436834620865,-0.0040568436834620865,0,0,-0.0040568436834620865,-0.0040568436834620865
CensusTract36089490300,0,0,0,0,0.020744906895865,0.020744906895865,0,0,0.020744906895865,0.020744906895865
CensusTract36089492700,0,0,0,0,0.002304577892873955,0.002304577892873955,0,0,0.002304577892873955,0.002304577892873955
CensusTract36091062200,0,0,0,0,-0.009873848972818046,-0.009873848972818046,0,0,-0.009873848972818046,-0.009873848972818046
CensusTract36091062406,0,0,0,0,0.01036340728402364,0.01036340728402364,0,0,0.01036340728402364,0.01036340728402364
CensusTract36093032200,0,0,0,0,-0.005609758385029257,-0.005609758385029257,0,0,-0.005609758385029257,-0.005609758385029257
CensusTract36099950500,0,0,0,0,0.005004656044289016,0.005004656044289016,0,0,0.005004656044289016,0.005004656044289016
CensusTract36103110401,0,0,0,0,0.008171888305691235,0.008171888305691235,0,0,0.008171888305691235,0.008171888305691235
CensusTract36103110402,0,0,0,0,0.006464585842976734,0.006464585842976734,0,0,0.006464585842976734,0.006464585842976734
CensusTract36103110501,0,0,0,0,0.0014076420938228086,0.0014076420938228086,0,0,0.0014076420938228086,0.0014076420938228086
CensusTract36103111100,0,0,0,0,-0.029477752120077475,-0.029477752120077475,0,0,-0.029477752120077475,-0.029477752120077475
CensusTract36103111703,0,0,0,0,0.015466495697704634,0.015466495697704634,0,0,0.015466495697704634,0.015466495697704634
CensusTract36103111802,0,0,0,0,0.017097639769501533,0.017097639769501533,0,0,0.017097639769501533,0.017097639769501533
CensusTract36103112212,0,0,0,0,0.005426178662210616,0.005426178662210616,0,0,0.005426178662210616,0.005426178662210616
CensusTract36103122705,0,0,0,0,-0.026567646715893484,-0.026567646715893484,0,0,-0.026567646715893484,-0.026567646715893484
CensusTract36103123802,0,0,0,0,-0.017307428583656498,-0.017307428583656498,0,0,-0.017307428583656498,-0.017307428583656498
CensusTract36103134907,0,0,0,0,1.4330886642930628e-5,1.4330886642930628e-5,0,0,1.4330886642930628e-5,1.4330886642930628e-5
CensusTract36103135208,0,0,0,0,0.017253286405581353,0.017253286405581353,0,0,0.017253286405581353,0.017253286405581353
CensusTract36103145807,0,0,0,0,0.0037535366887504005,0.0037535366887504005,0,0,0.0037535366887504005,0.0037535366887504005
CensusTract36103145808,0,0,0,0,4.242823220208908e-4,4.242823220208908e-4,0,0,4.242823220208908e-4,4.242823220208908e-4
CensusTract36103146608,0,0,0,0,-0.005390908725106847,-0.005390908725106847,0,0,-0.005390908725106847,-0.005390908725106847
CensusTract36103147100,0,0,0,0,0.014788657843541947,0.014788657843541947,0,0,0.014788657843541947,0.014788657843541947
CensusTract36103158009,0,0,0,0,0.011108078544481996,0.011108078544481996,0,0,0.011108078544481996,0.011108078544481996
CensusTract36103158104,0,0,0,0,0.005774165087346738,0.005774165087346738,0,0,0.005774165087346738,0.005774165087346738
CensusTract36103158116,0,0,0,0,-0.0033107398096926845,-0.0033107398096926845,0,0,-0.0033107398096926845,-0.0033107398096926845
CensusTract36103158207,0,0,0,0,5.809599133202215e-4,5.809599133202215e-4,0,0,5.809599133202215e-4,5.809599133202215e-4
CensusTract36103158319,0,0,0,0,0.01468872784552894,0.01468872784552894,0,0,0.01468872784552894,0.01468872784552894
CensusTract36103158403,0,0,0,0,-0.007461025058814209,-0.007461025058814209,0,0,-0.007461025058814209,-0.007461025058814209
CensusTract36103158409,0,0,0,0,0.012197250426798206,0.012197250426798206,0,0,0.012197250426798206,0.012197250426798206
CensusTract36103158502,0,0,0,0,-0.011568694221548582,-0.011568694221548582,0,0,-0.011568694221548582,-0.011568694221548582
CensusTract36103159201,0,0,0,0,-0.013891236787316642,-0.013891236787316642,0,0,-0.013891236787316642,-0.013891236787316642
CensusTract36103159300,0,0,0,0,-0.009693542823224849,-0.009693542823224849,0,0,-0.009693542823224849,-0.009693542823224849
CensusTract36103169800,0,0,0,0,-0.03195133923767293,-0.03195133923767293,0,0,-0.03195133923767293,-0.03195133923767293
CensusTract36103170001,0,0,0,0,0.002433876204298823,0.002433876204298823,0,0,0.002433876204298823,0.002433876204298823
CensusTract36103170201,0,0,0,0,0.004730049789052694,0.004730049789052694,0,0,0.004730049789052694,0.004730049789052694
CensusTract36103190800,0,0,0,0,-0.002817495553364742,-0.002817495553364742,0,0,-0.002817495553364742,-0.002817495553364742
CensusTract36109000300,0,0,0,0,-0.017522905052875102,-0.017522905052875102,0,0,-0.017522905052875102,-0.017522905052875102
CensusTract36113070601,0,0,0,0,0.022102668256795955,0.022102668256795955,0,0,0.022102668256795955,0.022102668256795955
CensusTract36119008302,0,0,0,0,0.004545213292693176,0.004545213292693176,0,0,0.004545213292693176,0.004545213292693176
CensusTract36119011400,0,0,0,0,0.033371160895892205,0.033371160895892205,0,0,0.033371160895892205,0.033371160895892205
CensusTract36119014804,0,0,0,0,0.007962478407498037,0.007962478407498037,0,0,0.007962478407498037,0.007962478407498037
TractAsian,-0.012690175016071207,-0.042854428376715575,0,0,0,0,-0.03183117526243751,-0.041997262405255524,0,0
TractHUNV,-0.01542099569020529,-0.008034742354053723,0,0,0,0,-0.03707560242294334,-0.027881440045787256,0,0
Urban1:CensusTract36001013000,0,0,0,0,1.7101277416451747e-4,1.7101277416451747e-4,0,0,1.7101277416451747e-4,1.7101277416451747e-4
Urban1:CensusTract36001014302,0,0,0,0,2.635453919902345e-4,2.635453919902345e-4,0,0,2.635453919902345e-4,2.635453919902345e-4
Urban1:CensusTract36009940300,0,0,0,0,2.701633857953072e-4,2.701633857953072e-4,0,0,2.701633857953072e-4,2.701633857953072e-4
Urban1:CensusTract36025970800,0,0,0,0,1.697179945029255e-4,1.697179945029255e-4,0,0,1.697179945029255e-4,1.697179945029255e-4
Urban1:CensusTract36029011200,0,0,0,0,1.7061685115077685e-4,1.7061685115077685e-4,0,0,1.7061685115077685e-4,1.7061685115077685e-4
Urban1:CensusTract36029013502,0,0,0,0,6.900831129501378e-4,6.900831129501378e-4,0,0,6.900831129501378e-4,6.900831129501378e-4
Urban1:CensusTract36029014206,0,0,0,0,2.9916818594843107e-4,2.9916818594843107e-4,0,0,2.9916818594843107e-4,2.9916818594843107e-4
Urban1:CensusTract36047109800,0,0,0,0,0,0,0,8.227986374160347e-5,0,0
Urban1:CensusTract36053030900,0,0,0,0,7.48155435420902e-5,7.48155435420902e-5,0,0,7.48155435420902e-5,7.48155435420902e-5
Urban1:CensusTract36055008600,0,0,0,0,2.0402291231287444e-4,2.0402291231287444e-4,0,0,2.0402291231287444e-4,2.0402291231287444e-4
Urban1:CensusTract36055010200,0,0,0,0,2.3754660590717623e-4,2.3754660590717623e-4,0,0,2.3754660590717623e-4,2.3754660590717623e-4
Urban1:CensusTract36055011207,0,0,0,0,2.2301299045334713e-4,2.2301299045334713e-4,0,0,2.2301299045334713e-4,2.2301299045334713e-4
Urban1:CensusTract36055011708,0,0,0,0,2.419898789908667e-4,2.419898789908667e-4,0,0,2.419898789908667e-4,2.419898789908667e-4
Urban1:CensusTract36055011902,0,0,0,0,2.0267944652118137e-4,2.0267944652118137e-4,0,0,2.0267944652118137e-4,2.0267944652118137e-4
Urban1:CensusTract36055012401,0,0,0,0,2.4749591367555966e-4,2.4749591367555966e-4,0,0,2.4749591367555966e-4,2.4749591367555966e-4
Urban1:CensusTract36055012700,0,0,0,0,7.110352695269964e-4,7.110352695269964e-4,0,0,7.110352695269964e-4,7.110352695269964e-4
Urban1:CensusTract36055012900,0,0,0,0,6.000289667145489e-4,6.000289667145489e-4,0,0,6.000289667145489e-4,6.000289667145489e-4
Urban1:CensusTract36055013800,0,0,0,0,2.732701815325298e-4,2.732701815325298e-4,0,0,2.732701815325298e-4,2.732701815325298e-4
Urban1:CensusTract36055014001,0,0,0,0,1.8336449448305307e-4,1.8336449448305307e-4,0,0,1.8336449448305307e-4,1.8336449448305307e-4
Urban1:CensusTract36055014504,0,0,0,0,2.2181713451180384e-4,2.2181713451180384e-4,0,0,2.2181713451180384e-4,2.2181713451180384e-4
Urban1:CensusTract36055014901,0,0,0,0,2.2680079846681628e-4,2.2680079846681628e-4,0,0,2.2680079846681628e-4,2.2680079846681628e-4
Urban1:CensusTract36067010200,0,0,0,0,2.585866298497033e-4,2.585866298497033e-4,0,0,2.585866298497033e-4,2.585866298497033e-4
Urban1:CensusTract36067011600,0,0,0,0,2.479126271655088e-4,2.479126271655088e-4,0,0,2.479126271655088e-4,2.479126271655088e-4
Urban1:CensusTract36067011800,0,0,0,0,0.03270066090509707,0.03270066090509707,0,0,0.03270066090509707,0.03270066090509707
Urban1:CensusTract36067015100,0,0,0,0,1.9948789565449258e-4,1.9948789565449258e-4,0,0,1.9948789565449258e-4,1.9948789565449258e-4
Urban1:CensusTract36071013800,0,0,0,0,2.1965093377829432e-4,2.1965093377829432e-4,0,0,2.1965093377829432e-4,2.1965093377829432e-4
Urban1:CensusTract36071014301,0,0,0,0,2.641603819767009e-4,2.641603819767009e-4,0,0,2.641603819767009e-4,2.641603819767009e-4
Urban1:CensusTract36083052501,0,0,0,0,2.2666215169312676e-4,2.2666215169312676e-4,0,0,2.2666215169312676e-4,2.2666215169312676e-4
Urban1:CensusTract36087010802,0,0,0,0,4.354956194220416e-4,4.354956194220416e-4,0,0,4.354956194220416e-4,4.354956194220416e-4
Urban1:CensusTract36087010901,0,0,0,0,4.3366103644634947e-4,4.3366103644634947e-4,0,0,4.3366103644634947e-4,4.3366103644634947e-4
Urban1:CensusTract36087011302,0,0,0,0,4.421318902582792e-4,4.421318902582792e-4,0,0,4.421318902582792e-4,4.421318902582792e-4
Urban1:CensusTract36089490300,0,0,0,0,2.1549468560400214e-4,2.1549468560400214e-4,0,0,2.1549468560400214e-4,2.1549468560400214e-4
Urban1:CensusTract36089492700,0,0,0,0,1.5443512427609e-4,1.5443512427609e-4,0,0,1.5443512427609e-4,1.5443512427609e-4
Urban1:CensusTract36091062406,0,0,0,0,2.5606753519937284e-4,2.5606753519937284e-4,0,0,2.5606753519937284e-4,2.5606753519937284e-4
Urban1:CensusTract36099950500,0,0,0,0,2.173671585248135e-4,2.173671585248135e-4,0,0,2.173671585248135e-4,2.173671585248135e-4
Urban1:CensusTract36103110401,0,0,0,0,2.5185418612473333e-4,2.5185418612473333e-4,0,0,2.5185418612473333e-4,2.5185418612473333e-4
Urban1:CensusTract36103110402,0,0,0,0,2.456551556656186e-4,2.456551556656186e-4,0,0,2.456551556656186e-4,2.456551556656186e-4
Urban1:CensusTract36103110501,0,0,0,0,2.69215007716711e-4,2.69215007716711e-4,0,0,2.69215007716711e-4,2.69215007716711e-4
Urban1:CensusTract36103110502,0,0,0,0,1.0510367192820441e-4,1.0510367192820441e-4,0,0,1.0510367192820441e-4,1.0510367192820441e-4
Urban1:CensusTract36103111703,0,0,0,0,7.206943373901276e-4,7.206943373901276e-4,0,0,7.206943373901276e-4,7.206943373901276e-4
Urban1:CensusTract36103111802,0,0,0,0,7.17825648512997e-4,7.17825648512997e-4,0,0,7.17825648512997e-4,7.17825648512997e-4
Urban1:CensusTract36103112204,0,0,0,0,0.014233713010052454,0.014233713010052454,0,0,0.014233713010052454,0.014233713010052454
Urban1:CensusTract36103112212,0,0,0,0,2.664142096261839e-4,2.664142096261839e-4,0,0,2.664142096261839e-4,2.664142096261839e-4
Urban1:CensusTract36103134907,0,0,0,0,2.3441809874266023e-4,2.3441809874266023e-4,0,0,2.3441809874266023e-4,2.3441809874266023e-4
Urban1:CensusTract36103135208,0,0,0,0,6.285450460964569e-4,6.285450460964569e-4,0,0,6.285450460964569e-4,6.285450460964569e-4
Urban1:CensusTract36103145807,0,0,0,0,2.5018619097754894e-4,2.5018619097754894e-4,0,0,2.5018619097754894e-4,2.5018619097754894e-4
Urban1:CensusTract36103145808,0,0,0,0,2.592725202417283e-4,2.592725202417283e-4,0,0,2.592725202417283e-4,2.592725202417283e-4
Urban1:CensusTract36103145902,0,0,0,0,3.57853001118992e-4,3.57853001118992e-4,0,0,3.57853001118992e-4,3.57853001118992e-4
Urban1:CensusTract36103147100,0,0,0,0,2.572695311131433e-4,2.572695311131433e-4,0,0,2.572695311131433e-4,2.572695311131433e-4
Urban1:CensusTract36103158009,0,0,0,0,2.7216648076150115e-4,2.7216648076150115e-4,0,0,2.7216648076150115e-4,2.7216648076150115e-4
Urban1:CensusTract36103158104,0,0,0,0,2.5254205890359416e-4,2.5254205890359416e-4,0,0,2.5254205890359416e-4,2.5254205890359416e-4
Urban1:CensusTract36103158207,0,0,0,0,2.143392672043634e-4,2.143392672043634e-4,0,0,2.143392672043634e-4,2.143392672043634e-4
Urban1:CensusTract36103158319,0,0,0,0,2.70214624660847e-4,2.70214624660847e-4,0,0,2.70214624660847e-4,2.70214624660847e-4
Urban1:CensusTract36103158409,0,0,0,0,1.9276187378349625e-4,1.9276187378349625e-4,0,0,1.9276187378349625e-4,1.9276187378349625e-4
Urban1:CensusTract36103170001,0,0,0,0,2.1982407612773576e-4,2.1982407612773576e-4,0,0,2.1982407612773576e-4,2.1982407612773576e-4
Urban1:CensusTract36103170201,0,0,0,0,2.0766601219186334e-4,2.0766601219186334e-4,0,0,2.0766601219186334e-4,2.0766601219186334e-4
Urban1:CensusTract36113070601,0,0,0,0,1.907865870167107e-4,1.907865870167107e-4,0,0,1.907865870167107e-4,1.907865870167107e-4
Urban1:CensusTract36119008302,0,0,0,0,6.366761616576541e-4,6.366761616576541e-4,0,0,6.366761616576541e-4,6.366761616576541e-4
Urban1:CensusTract36119011400,0,0,0,0,0.0010475451120700555,0.0010475451120700555,0,0,0.0010475451120700555,0.0010475451120700555
Urban1:CensusTract36119014804,0,0,0,0,6.451529021508695e-4,6.451529021508695e-4,0,0,6.451529021508695e-4,6.451529021508695e-4
Urban1:CountyNew York,-0.0036417037959776684,-0.004733276046161079,0,0,0,0,-0.0040373431540275465,-0.004215734636263442,0,0
Urban0:CountyOtsego,0,0.0728672491357895,0,0,0,0,0,0,0,0
Urban1:CountySchoharie,0,0,0,0,2.0328962262615532e-16,2.0328962262615532e-16,0,0,2.0328962262615532e-16,2.0328962262615532e-16
Urban1:CountySt. Lawrence,0,0,0,0,0.029045728815577918,0.029045728815577918,0,0,0.029045728815577918,0.029045728815577918
Urban1:CountyWestchester,0,0,0,0,-0.013414498836128493,-0.013414498836128493,0,0,-0.013414498836128493,-0.013414498836128493
Year2019:CensusTract36007013201,0,0,0,0,0.03988147545391417,0.03988147545391417,0,0,0.03988147545391417,0.03988147545391417
Year2015:CensusTract36025970900,0,0,0,0,0,0,0,6.364741486793829e-4,0,0
Year2019:CensusTract36029014501,0,0,0,0,0.038084215896279146,0.038084215896279146,0,0,0.038084215896279146,0.038084215896279146
Year2019:CensusTract36047001100,0.041566521067410725,0.6282487712418536,0,0,0,0,0.33201904559277196,0.5764986604689888,0,0
Year2019:CensusTract36055006700,0,0,0,0,0.024881603697443067,0.024881603697443067,0,0,0.024881603697443067,0.024881603697443067
Year2019:CensusTract36055006800,0,0,0,0,0.03301640825991284,0.03301640825991284,0,0,0.03301640825991284,0.03301640825991284
Year2015:CensusTract36057072100,0,0,0,0,0.011574105364456404,0.011574105364456404,0,0,0.011574105364456404,0.011574105364456404
Year2019:CensusTract36067002000,0,0,0,0,0.030953397595680537,0.030953397595680537,0,0,0.030953397595680537,0.030953397595680537
Year2019:CensusTract36067006000,0,0,0,0,0.03807747163282903,0.03807747163282903,0,0,0.03807747163282903,0.03807747163282903
Year2019:CensusTract36067012900,0,0,0,0,0.025956224861956673,0.025956224861956673,0,0,0.025956224861956673,0.025956224861956673
Year2015:CensusTract36069050900,0,0,0,0,0.03342892811398478,0.03342892811398478,0,0,0.03342892811398478,0.03342892811398478
Year2015:CensusTract36089491600,0,0,0,0,0.10540129208220021,0.10540129208220021,0,0,0.10540129208220021,0.10540129208220021
Year2019:CensusTract36119014703,0,0,0,0,0.010611218883963016,0.010611218883963016,0,0,0.010611218883963016,0.010611218883963016
Urban1:Year2019:CensusTract36001000100,0,0,0,0,3.9487877384374194e-4,3.9487877384374194e-4,0,0,3.9487877384374194e-4,3.9487877384374194e-4
Urban1:Year2019:CensusTract36007013201,0,0,0,0,2.8750989913200543e-16,2.8750989913200543e-16,0,0,2.8750989913200543e-16,2.8750989913200543e-16
Urban1:Year2015:CensusTract36015000300,0,0,0,0,1.4375494956600272e-16,1.4375494956600272e-16,0,0,1.4375494956600272e-16,1.4375494956600272e-16
Urban1:Year2015:CensusTract36025970900,0,0,0,0,0,0,0,2.1461836902582842e-16,0,0
Urban1:Year2019:CensusTract36029004100,0,0,0,0,7.187747478300136e-17,7.187747478300136e-17,0,0,7.187747478300136e-17,7.187747478300136e-17
Urban1:Year2019:CensusTract36029004402,0,0,0,0,0.0028591882944756374,0.0028591882944756374,0,0,0.0028591882944756374,0.0028591882944756374
Urban1:Year2019:CensusTract36029014501,0,0,0,0,2.1563242434900405e-16,2.1563242434900405e-16,0,0,2.1563242434900405e-16,2.1563242434900405e-16
Urban1:Year2019:CensusTract36029016300,0,0,0,0,7.187747478300136e-17,7.187747478300136e-17,0,0,7.187747478300136e-17,7.187747478300136e-17
Urban1:Year2019:CensusTract36047001100,0,3.0421095453057244e-15,0,0,0,0,6.223932701749024e-15,4.292367380516568e-15,0,0
Urban1:Year2019:CensusTract36055006700,0,0,0,0,7.187747478300136e-17,7.187747478300136e-17,0,0,7.187747478300136e-17,7.187747478300136e-17
Urban1:Year2015:CensusTract36055980100,0,0,0,0,1.4375494956600272e-16,1.4375494956600272e-16,0,0,1.4375494956600272e-16,1.4375494956600272e-16
Urban1:Year2015:CensusTract36057070200,0,0,0,0,7.187747478300136e-17,7.187747478300136e-17,0,0,7.187747478300136e-17,7.187747478300136e-17
Urban1:Year2015:CensusTract36057072100,0,0,0,0,1.4375494956600272e-16,1.4375494956600272e-16,0,0,1.4375494956600272e-16,1.4375494956600272e-16
Urban1:Year2019:CensusTract36059406300,0,0,0,0,1.2937945460940245e-15,1.2937945460940245e-15,0,0,1.2937945460940245e-15,1.2937945460940245e-15
Urban1:Year2015:CensusTract36059409100,0,0,0,0,7.187747478300136e-17,7.187747478300136e-17,0,0,7.187747478300136e-17,7.187747478300136e-17
Urban1:Year2015:CensusTract36059415000,0,0,0,0,7.187747478300136e-17,7.187747478300136e-17,0,0,7.187747478300136e-17,7.187747478300136e-17
Urban1:Year2019:CensusTract36059415102,0,0,0,0,7.187747478300136e-17,7.187747478300136e-17,0,0,7.187747478300136e-17,7.187747478300136e-17
Urban1:Year2019:CensusTract36059520800,0,0,0,0,7.187747478300136e-17,7.187747478300136e-17,0,0,7.187747478300136e-17,7.187747478300136e-17
Urban1:Year2015:CensusTract36061000100,0,0,0,0,2.1563242434900405e-16,2.1563242434900405e-16,0,0,2.1563242434900405e-16,2.1563242434900405e-16
Urban1:Year2019:CensusTract36067006000,0,0,0,0,7.187747478300136e-17,7.187747478300136e-17,0,0,7.187747478300136e-17,7.187747478300136e-17
Urban1:Year2019:CensusTract36067012900,0,0,0,0,7.187747478300136e-17,7.187747478300136e-17,0,0,7.187747478300136e-17,7.187747478300136e-17
Urban1:Year2015:CensusTract36069050900,0,0,0,0,7.187747478300136e-17,7.187747478300136e-17,0,0,7.187747478300136e-17,7.187747478300136e-17
Urban1:Year2015:CensusTract36075021602,0,0,0,0,7.187747478300136e-17,7.187747478300136e-17,0,0,7.187747478300136e-17,7.187747478300136e-17
Urban1:Year2015:CensusTract36089491600,0,0,0,0,3.5938737391500676e-16,3.5938737391500676e-16,0,0,3.5938737391500676e-16,3.5938737391500676e-16
Urban1:Year2015:CensusTract36093020300,0,0,0,0,7.187747478300136e-17,7.187747478300136e-17,0,0,7.187747478300136e-17,7.187747478300136e-17
Urban1:Year2019:CensusTract36111952100,0,0,0,0,-1.859266567286927e-5,-1.859266567286927e-5,0,0,-1.859266567286927e-5,-1.859266567286927e-5
Urban1:Year2019:CensusTract36119014703,0,0,0,0,1.4375494956600272e-16,1.4375494956600272e-16,0,0,1.4375494956600272e-16,1.4375494956600272e-16
Urban1:Year2019:CensusTract36007001600,0,0,0,7.385953437270347e-17,0,0,0,0,0,0
Urban1:Year2015:CensusTract36093020101,0,0,0,7.385953437270347e-17,7.187747478300136e-17,7.187747478300136e-17,0,0,7.187747478300136e-17,7.187747478300136e-17
Urban0:Year2015:CensusTract36001014802,0,0,0,1.4771906874540694e-16,0,0,0,0,0,0
Urban1:Year2019:CensusTract36029007202,0,0,0,1.4771906874540694e-16,7.187747478300136e-17,7.187747478300136e-17,0,0,7.187747478300136e-17,7.187747478300136e-17
Urban0:Year2019:CensusTract36033940000,0,0,0,1.4771906874540694e-16,0,0,0,0,0,0
Urban1:Year2019:CensusTract36045061400,0,0,0,1.4771906874540694e-16,7.187747478300136e-17,7.187747478300136e-17,0,0,7.187747478300136e-17,7.187747478300136e-17
Urban1:Year2019:CensusTract36047107000,0,0,0,1.4771906874540694e-16,0,0,0,0,0,0
Urban1:Year2019:CensusTract36059521000,0,0,0,1.4771906874540694e-16,6.015326120130654e-4,6.015326120130654e-4,0,0,6.015326120130654e-4,6.015326120130654e-4
Urban1:Year2015:CensusTract36059981100,0,0,0,1.4771906874540694e-16,2.8750989913200543e-16,2.8750989913200543e-16,0,0,2.8750989913200543e-16,2.8750989913200543e-16
Urban1:Year2019:CensusTract36063022401,0,0,0,1.4771906874540694e-16,0,0,0,0,0,0
Urban1:Year2019:CensusTract36103145805,0,0,0,-1.4771906874540694e-16,-2.384736683537372e-6,-2.384736683537372e-6,0,0,-2.384736683537372e-6,-2.384736683537372e-6
CensusTract36087010102,0,0,0,2.0889544207417504e-16,0.04407499567398284,0.04407499567398284,0,0,0.04407499567398284,0.04407499567398284
Urban1:Year2015:CensusTract36019101600,0,0,0,2.215786031181104e-16,7.187747478300136e-17,7.187747478300136e-17,0,0,7.187747478300136e-17,7.187747478300136e-17
Urban1:Year2015:CensusTract36059407600,0,0,0,2.215786031181104e-16,9.344071721790177e-16,9.344071721790177e-16,0,0,9.344071721790177e-16,9.344071721790177e-16
Urban1:Year2019:CensusTract36059409500,0,0,0,2.215786031181104e-16,5.031423234810095e-16,5.031423234810095e-16,0,0,5.031423234810095e-16,5.031423234810095e-16
Urban1:Year2015:CensusTract36067012700,0,0,0,2.215786031181104e-16,7.187747478300136e-17,7.187747478300136e-17,0,0,7.187747478300136e-17,7.187747478300136e-17
Urban1:Year2015:CensusTract36093020102,0,0,0,2.215786031181104e-16,0,0,0,0,0,0
Urban0:Year2015:CensusTract36045060600,0,0,0,2.954381374908139e-16,0,0,0,0,0,0
Urban1:Year2015:CensusTract36059982100,0,0,0,2.954381374908139e-16,7.906522226130149e-16,7.906522226130149e-16,0,0,7.906522226130149e-16,7.906522226130149e-16
Urban1:Year2015:CensusTract36093020200,0,0,0,2.954381374908139e-16,0,0,0,0,0,0
Urban1:Year2019:CensusTract36081069000,0,0,0,3.6929767186351737e-16,7.187747478300136e-17,7.187747478300136e-17,0,0,7.187747478300136e-17,7.187747478300136e-17
Urban1:Year2019:CensusTract36081068000,0,0,0,4.431572062362208e-16,0.001263969150843402,0.001263969150843402,0,0,0.001263969150843402,0.001263969150843402
Urban1:Year2019:CensusTract36059415202,0,0,0,5.908762749816278e-16,7.187747478300136e-17,7.187747478300136e-17,0,0,7.187747478300136e-17,7.187747478300136e-17
Urban1:CensusTract36055012202,0,0,0,1.5008411812467558e-4,9.831824279078387e-4,9.831824279078387e-4,0,0,9.831824279078387e-4,9.831824279078387e-4
Urban1:CensusTract36067013500,0,0,0,1.5036578279294306e-4,5.323186959290419e-4,5.323186959290419e-4,0,0,5.323186959290419e-4,5.323186959290419e-4
Urban1:CensusTract36063023300,0,0,0,1.5222124433388086e-4,5.979079324915298e-4,5.979079324915298e-4,0,0,5.979079324915298e-4,5.979079324915298e-4
Urban1:CensusTract36055011705,0,0,0,1.5250368127094603e-4,5.36730468075574e-4,5.36730468075574e-4,0,0,5.36730468075574e-4,5.36730468075574e-4
Urban1:CensusTract36083052004,0,0,0,1.5528997757427085e-4,4.982730701379266e-4,4.982730701379266e-4,0,0,4.982730701379266e-4,4.982730701379266e-4
Urban1:CensusTract36029013002,0,0,0,1.5813387869471164e-4,6.409352118697412e-4,6.409352118697412e-4,0,0,6.409352118697412e-4,6.409352118697412e-4
Urban1:CensusTract36055013402,0,0,0,1.5985357511381855e-4,5.996163903015749e-4,5.996163903015749e-4,0,0,5.996163903015749e-4,5.996163903015749e-4
Urban1:CensusTract36023971000,0,0,0,1.6097651455410374e-4,6.261306478406076e-4,6.261306478406076e-4,0,0,6.261306478406076e-4,6.261306478406076e-4
Urban1:CensusTract36063023902,0,0,0,1.610803166523383e-4,6.133206317791097e-4,6.133206317791097e-4,0,0,6.133206317791097e-4,6.133206317791097e-4
Urban1:CensusTract36055012800,0,0,0,1.6926968093378768e-4,6.062729677193615e-4,6.062729677193615e-4,0,0,6.062729677193615e-4,6.062729677193615e-4
Urban1:CensusTract36055010500,0,0,0,1.7195640407810802e-4,5.735132687627783e-4,5.735132687627783e-4,0,0,5.735132687627783e-4,5.735132687627783e-4
Urban1:CensusTract36055014505,0,0,0,1.7436351924802294e-4,6.614305351604411e-4,6.614305351604411e-4,0,0,6.614305351604411e-4,6.614305351604411e-4
Urban1:CensusTract36055014501,0,0,0,1.745621584490544e-4,5.641256801549389e-4,5.641256801549389e-4,0,0,5.641256801549389e-4,5.641256801549389e-4
Urban1:CensusTract36029007303,0,0,0,1.7466376848103356e-4,6.209291079156679e-4,6.209291079156679e-4,0,0,6.209291079156679e-4,6.209291079156679e-4
Urban1:CensusTract36029013101,0,0,0,1.7607541658984995e-4,0.001224099447679494,0.001224099447679494,0,0,0.001224099447679494,0.001224099447679494
Urban1:CensusTract36055014102,0,0,0,1.7643580100921475e-4,0.0014732624885339177,0.0014732624885339177,0,0,0.0014732624885339177,0.0014732624885339177
Urban1:CensusTract36103147601,0,0,0,1.76999284146429e-4,9.206531484278781e-4,9.206531484278781e-4,0,0,9.206531484278781e-4,9.206531484278781e-4
Urban1:CensusTract36103169902,0,0,0,1.776140777952161e-4,5.448322843177388e-4,5.448322843177388e-4,0,0,5.448322843177388e-4,5.448322843177388e-4
Urban1:CensusTract36063024201,0,0,0,1.8373512285191313e-4,6.966021474047421e-4,6.966021474047421e-4,0,0,6.966021474047421e-4,6.966021474047421e-4
Urban1:CensusTract36113070800,0,0,0,1.8460350843850796e-4,7.090494869417959e-4,7.090494869417959e-4,0,0,7.090494869417959e-4,7.090494869417959e-4
Urban1:CensusTract36029013400,0,0,0,1.8492270197102912e-4,6.301419743313287e-4,6.301419743313287e-4,0,0,6.301419743313287e-4,6.301419743313287e-4
Urban1:CensusTract36083051702,0,0,0,1.923614597738494e-4,7.757387893785427e-4,7.757387893785427e-4,0,0,7.757387893785427e-4,7.757387893785427e-4
Urban1:CensusTract36103124602,0,0,0,1.9296448506660776e-4,5.809306408827348e-4,5.809306408827348e-4,0,0,5.809306408827348e-4,5.809306408827348e-4
Urban1:CensusTract36103145803,0,0,0,1.986911720739341e-4,6.169549571057765e-4,6.169549571057765e-4,0,0,6.169549571057765e-4,6.169549571057765e-4
Urban1:CensusTract36103190601,0,0,0,2.0234308479093413e-4,6.077963739629541e-4,6.077963739629541e-4,0,0,6.077963739629541e-4,6.077963739629541e-4
Urban1:CensusTract36055014906,0,0,0,2.0302072369213415e-4,6.841204689458523e-4,6.841204689458523e-4,0,0,6.841204689458523e-4,6.841204689458523e-4
Urban1:CensusTract36029013102,0,0,0,2.06852711547779e-4,6.653579770140096e-4,6.653579770140096e-4,0,0,6.653579770140096e-4,6.653579770140096e-4
Urban1:CensusTract36103135209,0,0,0,2.0982623987418476e-4,6.124344884930505e-4,6.124344884930505e-4,0,0,6.124344884930505e-4,6.124344884930505e-4
Urban1:CensusTract36029009007,0,0,0,2.0994539255454593e-4,6.308320739951824e-4,6.308320739951824e-4,0,0,6.308320739951824e-4,6.308320739951824e-4
Urban1:CensusTract36091061401,0,0,0,2.1027162196354373e-4,0.0016645074728441262,0.0016645074728441262,0,0,0.0016645074728441262,0.0016645074728441262
Urban1:CensusTract36103190503,0,0,0,2.2158531464849598e-4,0.0013217281614799094,0.0013217281614799094,0,0,0.0013217281614799094,0.0013217281614799094
Urban1:CensusTract36083041100,0,0,0,2.2412241310968762e-4,8.068615762041738e-4,8.068615762041738e-4,0,0,8.068615762041738e-4,8.068615762041738e-4
Urban1:CensusTract36103158608,0,0,0,2.288070767751325e-4,6.871890983190078e-4,6.871890983190078e-4,0,0,6.871890983190078e-4,6.871890983190078e-4
Urban1:CensusTract36103200902,0,0,0,2.316995876690523e-4,6.766941918571315e-4,6.766941918571315e-4,0,0,6.766941918571315e-4,6.766941918571315e-4
Urban1:Year2019:CensusTract36067006101,0,0,0,3.751890563789075e-4,0,0,0,0,0,0
Urban1:CensusTract36103159103,0,0,0,4.2598620101493473e-4,0.001620201458609975,0.001620201458609975,0,0,0.001620201458609975,0.001620201458609975
Urban1:CensusTract36119011300,0,0,0,4.3073987028366346e-4,0.0012787774258918266,0.0012787774258918266,0,0,0.0012787774258918266,0.0012787774258918266
Urban1:CensusTract36089490200,0,0,0,7.896053448986232e-4,0.0022091367628395745,0.0022091367628395745,0,0,0.0022091367628395745,0.0022091367628395745
Urban1:CensusTract36087010801,0,0,0,8.581639286098886e-4,0.001400282021978582,0.001400282021978582,0,0,0.001400282021978582,0.001400282021978582
Urban1:CensusTract36087011601,0,0,0,8.667045892828478e-4,0.0014325217886431627,0.0014325217886431627,0,0,0.0014325217886431627,0.0014325217886431627
Urban1:CensusTract36087010902,0,0,0,8.755435024072127e-4,0.0014415956175676632,0.0014415956175676632,0,0,0.0014415956175676632,0.0014415956175676632
CensusTract36029013102,0,0,0,0.0012571776729179062,0.03679804916374961,0.03679804916374961,0,0,0.03679804916374961,0.03679804916374961
Year2015:CensusTract36055980100,0,0,0,0.0013236792704009182,0.0023001414717519282,0.0023001414717519282,0,0,0.0023001414717519282,0.0023001414717519282
Urban1:CensusTract36001001801,0,0,0,0.0014167108344136222,4.681944883805523e-4,4.681944883805523e-4,0,0,4.681944883805523e-4,4.681944883805523e-4
Urban1:CensusTract36001013707,0,0,0,0.0014517193939731405,5.001391743121962e-4,5.001391743121962e-4,0,0,5.001391743121962e-4,5.001391743121962e-4
Urban1:CensusTract36001014100,0,0,0,0.0014804760466857662,6.051024877897389e-4,6.051024877897389e-4,0,0,6.051024877897389e-4,6.051024877897389e-4
CensusTract36055010100,0,0,0,-0.0018381363040904672,-0.02314200983871439,-0.02314200983871439,0,0,-0.02314200983871439,-0.02314200983871439
CensusTract36087011601,0,0,0,0.0018942005546853278,0.027332582032574625,0.027332582032574625,0,0,0.027332582032574625,0.027332582032574625
CensusTract36103123401,0,0,0,-0.002067660673455067,-0.03538460468628248,-0.03538460468628248,0,0,-0.03538460468628248,-0.03538460468628248
Urban1:CensusTract36033950900,0,0,0,0.002130734232320958,0.0025042822910847124,0.0025042822910847124,0,0,0.0025042822910847124,0.0025042822910847124
CensusTract36055010500,0,0,0,0.0025997490460159768,0.030499714944946143,0.030499714944946143,0,0,0.030499714944946143,0.030499714944946143
CensusTract36087012700,0,0,0,-0.002720607056513744,-0.027036629284431037,-0.027036629284431037,0,0,-0.027036629284431037,-0.027036629284431037
CensusTract36103145803,0,0,0,0.0027841835656962455,0.01997372840627927,0.01997372840627927,0,0,0.01997372840627927,0.01997372840627927
CensusTract36103110901,0,0,0,-0.003120121788569506,-0.03575436441375034,-0.03575436441375034,0,0,-0.03575436441375034,-0.03575436441375034
CensusTract36055012800,0,0,0,0.0035299680050957507,0.031274060895343785,0.031274060895343785,0,0,0.031274060895343785,0.031274060895343785
CensusTract36055014505,0,0,0,0.003848274732133912,0.03177143914948751,0.03177143914948751,0,0,0.03177143914948751,0.03177143914948751
CensusTract36103123801,0,0,0,-0.004068950214105446,-0.03674732394175915,-0.03674732394175915,0,0,-0.03674732394175915,-0.03674732394175915
CensusTract36055011705,0,0,0,0.004069541092033515,0.03190054975632656,0.03190054975632656,0,0,0.03190054975632656,0.03190054975632656
CensusTract36009961800,0,0,0,-0.004209357479749507,-0.016555794172378416,-0.016555794172378416,0,0,-0.016555794172378416,-0.016555794172378416
CensusTract36055014501,0,0,0,0.004760660491849999,0.032475631698200086,0.032475631698200086,0,0,0.032475631698200086,0.032475631698200086
CensusTract36103135209,0,0,0,0.005621218535078837,0.022957092117943462,0.022957092117943462,0,0,0.022957092117943462,0.022957092117943462
CensusTract36063023300,0,0,0,0.0057881857260913975,0.04231075614775278,0.04231075614775278,0,0,0.04231075614775278,0.04231075614775278
CensusTract36055980100,0,0,0,0.006359630516679947,0.04180136560296094,0.04180136560296094,0,0,0.04180136560296094,0.04180136560296094
CensusTract36119011300,0,0,0,0.006396504682585314,0.04499244485407593,0.04499244485407593,0,0,0.04499244485407593,0.04499244485407593
CensusTract36103111202,0,0,0,-0.006777627448357686,-0.04067734253436645,-0.04067734253436645,0,0,-0.04067734253436645,-0.04067734253436645
CensusTract36055013402,0,0,0,0.007130231823860064,0.035928356179911566,0.035928356179911566,0,0,0.035928356179911566,0.035928356179911566
CensusTract36083052004,0,0,0,0.007143142976466209,0.03690586381248319,0.03690586381248319,0,0,0.03690586381248319,0.03690586381248319
CensusTract36103190601,0,0,0,0.007759388505147942,0.024943360839094385,0.024943360839094385,0,0,0.024943360839094385,0.024943360839094385
Year2019:CensusTract36063022401,0,0,0,0.008968856273161274,0.054822651777966094,0.054822651777966094,0,0,0.054822651777966094,0.054822651777966094
CensusTract36103200902,0,0,0,0.009010099673108559,0.0250835818013273,0.0250835818013273,0,0,0.0250835818013273,0.0250835818013273
CensusTract36055014302,0,0,0,-0.009102786551162027,-0.03141216973471118,-0.03141216973471118,0,0,-0.03141216973471118,-0.03141216973471118
CensusTract36083051702,0,0,0,0.00964236267005221,0.04028865992855222,0.04028865992855222,0,0,0.04028865992855222,0.04028865992855222
CensusTract36087010902,0,0,0,0.010741616675362333,0.034721168207368515,0.034721168207368515,0,0,0.034721168207368515,0.034721168207368515
CensusTract36103124602,0,0,0,0.010930460937340224,0.028108633256696797,0.028108633256696797,0,0,0.028108633256696797,0.028108633256696797
Year2019:CensusTract36103145805,0,0,0,-0.010990315493590015,-0.05236914932291809,-0.05236914932291809,0,0,-0.05236914932291809,-0.05236914932291809
CensusTract36103159103,0,0,0,0.0117341104525309,0.024510659481699518,0.024510659481699518,0,0,0.024510659481699518,0.024510659481699518
CensusTract36103169902,0,0,0,0.012167167838009902,0.0291100517335043,0.0291100517335043,0,0,0.0291100517335043,0.0291100517335043
CensusTract36029008003,0,0,0,-0.01231230065559175,-0.024873005070760092,-0.024873005070760092,0,0,-0.024873005070760092,-0.024873005070760092
CensusTract36103158608,0,0,0,0.012425680459397587,0.02904235642734768,0.02904235642734768,0,0,0.02904235642734768,0.02904235642734768
CensusTract36023971000,0,0,0,0.01257219364832394,0.049122550502188105,0.049122550502188105,0,0,0.049122550502188105,0.049122550502188105
Year2019:CensusTract36045061400,0,0,0,0.012589674342951284,0.05968520610513128,0.05968520610513128,0,0,0.05968520610513128,0.05968520610513128
CensusTract36071013700,0,0,0,-0.01266716313972514,-0.04778772164175724,-0.04778772164175724,0,0,-0.04778772164175724,-0.04778772164175724
CensusTract36087010801,0,0,0,0.01298380216320432,0.037571396017805424,0.037571396017805424,0,0,0.037571396017805424,0.037571396017805424
CensusTract36103123101,0,0,0,-0.013079715016637995,-0.04595107790588072,-0.04595107790588072,0,0,-0.04595107790588072,-0.04595107790588072
CensusTract36091061401,0,0,0,0.013196659629854342,0.029171497853401732,0.029171497853401732,0,0,0.029171497853401732,0.029171497853401732
Year2015:CensusTract36093020102,0,0,0,0.013281725011412733,0.058598802914358164,0.058598802914358164,0,0,0.058598802914358164,0.058598802914358164
CensusTract36001001801,0,0,0,0.013552321546278202,0.04981279930784905,0.04981279930784905,0,0,0.04981279930784905,0.04981279930784905
CensusTract36029013400,0,0,0,0.013552539912956166,0.049699661573905075,0.049699661573905075,0,0,0.049699661573905075,0.049699661573905075
CensusTract36083041100,0,0,0,0.013765525544216303,0.04236188516003935,0.04236188516003935,0,0,0.04236188516003935,0.04236188516003935
CensusTract36093021800,0,0,0,-0.013964705028160093,-0.029643119722318784,-0.029643119722318784,0,0,-0.029643119722318784,-0.029643119722318784
Year2015:CensusTract36075021602,0,0,0,0.014332681292527247,0.060079688516923926,0.060079688516923926,0,0,0.060079688516923926,0.060079688516923926
CensusTract36001014201,0,0,0,-0.014709905163257122,-0.02894562248638856,-0.02894562248638856,0,0,-0.02894562248638856,-0.02894562248638856
CensusTract36103122706,0,0,0,-0.015148169910123582,-0.0478961222022159,-0.0478961222022159,0,0,-0.0478961222022159,-0.0478961222022159
CensusTract36103147601,0,0,0,0.01538866032950365,0.032592712000304884,0.032592712000304884,0,0,0.032592712000304884,0.032592712000304884
CensusTract36103122902,0,0,0,-0.015400715433469747,-0.04793035612434791,-0.04793035612434791,0,0,-0.04793035612434791,-0.04793035612434791
CensusTract36089490200,0,0,0,0.016281054486404864,0.08459874520687653,0.08459874520687653,0,0,0.08459874520687653,0.08459874520687653
CensusTract36103201100,0,0,0,-0.016541849902475,-0.054659785223991224,-0.054659785223991224,0,0,-0.054659785223991224,-0.054659785223991224
CensusTract36063023902,0,0,0,0.016665393202506523,0.05308554278268395,0.05308554278268395,0,0,0.05308554278268395,0.05308554278268395
CensusTract36103190503,0,0,0,0.016847955224935898,0.034001180043906544,0.034001180043906544,0,0,0.034001180043906544,0.034001180043906544
Year2019:CensusTract36111952100,0,0,0,-0.01701367748698154,-0.0671196599614536,-0.0671196599614536,0,0,-0.0671196599614536,-0.0671196599614536
CensusTract36001013707,0,0,0,0.017439521780253202,0.05362026085660681,0.05362026085660681,0,0,0.05362026085660681,0.05362026085660681
CensusTract36103112001,0,0,0,-0.01792418013521191,-0.05065284736935627,-0.05065284736935627,0,0,-0.05065284736935627,-0.05065284736935627
CensusTract36113070800,0,0,0,0.018682810985392196,0.055384358458717184,0.055384358458717184,0,0,0.055384358458717184,0.055384358458717184
CensusTract36055014906,0,0,0,0.01931627413337264,0.0475962914378267,0.0475962914378267,0,0,0.0475962914378267,0.0475962914378267
CensusTract36029009007,0,0,0,0.01973753613165495,0.054313470825565285,0.054313470825565285,0,0,0.054313470825565285,0.054313470825565285
CensusTract36103112104,0,0,0,-0.019850141838137377,-0.05224125939542535,-0.05224125939542535,0,0,-0.05224125939542535,-0.05224125939542535
CensusTract36103122802,0,0,0,-0.02080456144069817,-0.054179659569797915,-0.054179659569797915,0,0,-0.054179659569797915,-0.054179659569797915
CensusTract36055014102,0,0,0,0.021376080667055295,0.04927606992473954,0.04927606992473954,0,0,0.04927606992473954,0.04927606992473954
CensusTract36067013500,0,0,0,0.02191095224948995,0.05784432795548533,0.05784432795548533,0,0,0.05784432795548533,0.05784432795548533
CensusTract36103123702,0,0,0,-0.02204912605917524,-0.05623771353833134,-0.05623771353833134,0,0,-0.05623771353833134,-0.05623771353833134
CensusTract36001014100,0,0,0,0.022597492051150712,0.059019933037975675,0.059019933037975675,0,0,0.059019933037975675,0.059019933037975675
CensusTract36033950900,0,0,0,0.02302586620421019,0.1920858439324436,0.1920858439324436,0,0,0.1920858439324436,0.1920858439324436
CensusTract36055012202,0,0,0,0.023199760743600417,0.05046280035929058,0.05046280035929058,0,0,0.05046280035929058,0.05046280035929058
CensusTract36029007303,0,0,0,0.024376163638864908,0.05986615912245479,0.05986615912245479,0,0,0.05986615912245479,0.05986615912245479
Year2015:CensusTract36019102200,0,0,0,0.02490197810127444,0.07152707341085339,0.07152707341085339,0,0,0.07152707341085339,0.07152707341085339
CensusTract36063024201,0,0,0,0.025562893641893392,0.06183171471161434,0.06183171471161434,0,0,0.06183171471161434,0.06183171471161434
CensusTract36103158112,0,0,0,-0.025808880769435254,-0.058119083993566405,-0.058119083993566405,0,0,-0.058119083993566405,-0.058119083993566405
CensusTract36103146704,0,0,0,-0.026342057567532273,-0.05756969359564495,-0.05756969359564495,0,0,-0.05756969359564495,-0.05756969359564495
CensusTract36029013002,0,0,0,0.026459519734912375,0.06335283180681582,0.06335283180681582,0,0,0.06335283180681582,0.06335283180681582
CensusTract36103158107,0,0,0,-0.02712735865625815,-0.05972461468814961,-0.05972461468814961,0,0,-0.05972461468814961,-0.05972461468814961
CensusTract36103124002,0,0,0,-0.02722453121139059,-0.05918454353085745,-0.05918454353085745,0,0,-0.05918454353085745,-0.05918454353085745
CensusTract36103146205,0,0,0,-0.027476485041674437,-0.0596541119286222,-0.0596541119286222,0,0,-0.0596541119286222,-0.0596541119286222
Year2019:CensusTract36067006101,0,0,0,0.02890013566026142,0.07230082415725457,0.07230082415725457,0,0,0.07230082415725457,0.07230082415725457
Year2015:CensusTract36093020101,0,0,0,0.029549616990915902,0.07461628727152152,0.07461628727152152,0,0,0.07461628727152152,0.07461628727152152
CensusTract36029013101,0,0,0,0.03051973075402757,0.06565646323260012,0.06565646323260012,0,0,0.06565646323260012,0.06565646323260012
Year2015:CensusTract36019101400,0,0,0,0.033583157564939396,0.07879570662277055,0.07879570662277055,0,0,0.07879570662277055,0.07879570662277055
Urban0:Year2015:CensusTract36045980000,0,0,1.4771906874540694e-16,0,0,0,0,0,0,0
Urban1:Year2019:CensusTract36059415401,0,0,1.4771906874540694e-16,0,0,0,0,0,0,0
Urban1:Year2019:CensusTract36081069400,0,0,1.4771906874540694e-16,0,1.655138973786524e-5,1.655138973786524e-5,0,0,1.655138973786524e-5,1.655138973786524e-5
Urban1:Year2019:CensusTract36001014615,0,0,1.4771906874540694e-16,7.385953437270347e-17,7.187747478300136e-17,7.187747478300136e-17,0,0,7.187747478300136e-17,7.187747478300136e-17
Urban1:Year2019:CensusTract36029010901,0,0,1.4771906874540694e-16,2.215786031181104e-16,0,0,0,0,0,0
Urban1:Year2019:CensusTract36119984000,0,0,1.4771906874540694e-16,2.954381374908139e-16,7.906522226130149e-16,7.906522226130149e-16,0,0,7.906522226130149e-16,7.906522226130149e-16
Urban1:Year2015:CensusTract36081091800,0,0,2.954381374908139e-16,7.385953437270347e-17,1.4375494956600272e-16,1.4375494956600272e-16,0,0,1.4375494956600272e-16,1.4375494956600272e-16
Urban1:Year2015:CensusTract36059517500,0,0,2.954381374908139e-16,2.215786031181104e-16,2.03497056880413e-4,2.03497056880413e-4,0,0,2.03497056880413e-4,2.03497056880413e-4
Urban1:Year2015:CensusTract36059407700,0,0,2.954381374908139e-16,6.647358093543312e-16,4.7943422737662e-6,4.7943422737662e-6,0,0,4.7943422737662e-6,4.7943422737662e-6
Urban0:Year2015:CensusTract36089492400,0,0,2.954381374908139e-16,6.647358093543312e-16,0,0,0,0,0,0
Urban1:CountyGreene,0,0,4.1779088414835007e-16,1.0444772103708751e-15,5.082240565653883e-17,5.082240565653883e-17,0,0,5.082240565653883e-17,5.082240565653883e-17
Urban1:Year2015:CensusTract36119011200,0,0,7.385953437270347e-16,4.431572062362208e-16,9.49526164708444e-4,9.49526164708444e-4,0,0,9.49526164708444e-4,9.49526164708444e-4
Urban1:Year2019:CountyRockland,0,0,9.130594585499184e-16,8.947982693789201e-16,1.1284674230775764e-15,1.1284674230775764e-15,0,0,1.1284674230775764e-15,1.1284674230775764e-15
CensusTract36055011100,0,0,1.0444772103708751e-15,1.1489249314079627e-15,0.09962599105343338,0.09962599105343338,0,0,0.09962599105343338,0.09962599105343338
Urban0:Year2019:CensusTract36003951300,0,0,1.1817525499632555e-15,1.1817525499632555e-15,0,0,0,0,0,0
Urban0:Year2015:CensusTract36025971300,0,0,1.9203478936902902e-15,2.5112241686719182e-15,0,0,0,0,0,0
Urban0:Year2015:CensusTract36111955300,0,0,2.2157860311811042e-15,1.9203478936902902e-15,0,0,0,0,0,0
Urban0:Year2015:CensusTract36111950900,0,0,3.3975385811443593e-15,3.1759599780262495e-15,0,0,0,0,0,0
Urban1:POP2010,3.7883784232735033e-6,5.636422805840081e-6,2.268002454705828e-5,2.2813438248780873e-5,2.2870973666069123e-5,2.2870973666069123e-5,4.85666964898134e-6,5.743294013399975e-6,2.2870973666069123e-5,2.2870973666069123e-5
Urban1:CensusTract36029010001,0,0,5.03306062564227e-5,5.2974852935262164e-5,0.01208222999308852,0.01208222999308852,0,0,0.01208222999308852,0.01208222999308852
Urban1:CensusTract36015000300,0,0,6.237346844876279e-5,1.3212171955019028e-4,1.4725324530734081e-4,1.4725324530734081e-4,0,0,1.4725324530734081e-4,1.4725324530734081e-4
Urban1:NUMGQTRS,2.4675822004259107e-5,2.914940668331908e-5,7.28054385685727e-5,7.243049107069043e-5,7.218807596333788e-5,7.218807596333788e-5,2.2881219760215762e-5,2.5086959694361852e-5,7.218807596333788e-5,7.218807596333788e-5
Urban1:CensusTract36067005700,0,0,8.48937388410618e-5,1.0976022285910861e-4,0.003894242092177577,0.003894242092177577,0,0,0.003894242092177577,0.003894242092177577
Urban1:CensusTract36087010102,0,0,9.003131043299832e-5,0.021509572689496603,0.0021419137880486685,0.0021419137880486685,0,0,0.0021419137880486685,0.0021419137880486685
Urban1:CensusTract36055015301,0,0,9.269165089537908e-5,1.2002561269264829e-4,8.842605587813993e-5,8.842605587813993e-5,0,0,8.842605587813993e-5,8.842605587813993e-5
Urban1:CensusTract36065026600,0,0,9.78138244043617e-5,1.8189181069124094e-4,1.5710696613052225e-4,1.5710696613052225e-4,0,0,1.5710696613052225e-4,1.5710696613052225e-4
Urban1:CensusTract36081091601,0,0,9.924703054467022e-5,1.5714295057837942e-4,0.0023338282912546593,0.0023338282912546593,0,0,0.0023338282912546593,0.0023338282912546593
Urban1:CensusTract36081092200,0,0,1.0718756095389986e-4,1.9608797805154197e-4,0.002218115224420179,0.002218115224420179,0,0,0.002218115224420179,0.002218115224420179
Urban1:CensusTract36081092800,0,0,1.0892722014490852e-4,2.0305149931889105e-4,0.002359537228177329,0.002359537228177329,0,0,0.002359537228177329,0.002359537228177329
Urban1:CensusTract36065025900,0,0,1.3733393583450866e-4,2.2349976070189484e-4,1.1121156931377645e-4,1.1121156931377645e-4,0,0,1.1121156931377645e-4,1.1121156931377645e-4
Urban1:CensusTract36067015500,0,0,1.4352643100118637e-4,6.782899330355973e-5,0.004308915647088997,0.004308915647088997,0,0,0.004308915647088997,0.004308915647088997
Urban1:CensusTract36067012800,0,0,1.557612343950469e-4,6.517706840656182e-5,0.004614380359848389,0.004614380359848389,0,0,0.004614380359848389,0.004614380359848389
Urban1:CensusTract36103158410,0,0,1.628894336773231e-4,2.3608540907840434e-4,0.0014667060688451012,0.0014667060688451012,0,0,0.0014667060688451012,0.0014667060688451012
Urban1:CensusTract36067016100,0,0,1.6637478119875396e-4,9.753670480780435e-5,0.0017280096641977933,0.0017280096641977933,0,0,0.0017280096641977933,0.0017280096641977933
Urban1:CensusTract36067015201,0,0,1.6872824610374756e-4,8.275584097287687e-5,0.0024924251621074676,0.0024924251621074676,0,0,0.0024924251621074676,0.0024924251621074676
Urban1:CensusTract36067010500,0,0,1.6998823920569815e-4,8.20767160450159e-5,0.00462089559445992,0.00462089559445992,0,0,0.00462089559445992,0.00462089559445992
Urban1:CensusTract36067010100,0,0,1.7981856198313369e-4,9.55253597949633e-5,0.002002942237908388,0.002002942237908388,0,0,0.002002942237908388,0.002002942237908388
Urban1:CensusTract36067011022,0,0,1.8034359790112595e-4,7.460164004103345e-5,0.009951706241910307,0.009951706241910307,0,0,0.009951706241910307,0.009951706241910307
Urban1:CensusTract36087011800,0,0,1.9294798370586382e-4,7.442282501047772e-4,0.006331808439542517,0.006331808439542517,0,0,0.006331808439542517,0.006331808439542517
Urban1:CensusTract36067014900,0,0,2.0790806231692379e-4,2.5791407966135546e-4,0.0015297610271175512,0.0015297610271175512,0,0,0.0015297610271175512,0.0015297610271175512
CensusTract36103158108,0,0,-2.1213921069781054e-4,-0.0287192373223427,-0.061464527844559316,-0.061464527844559316,0,0,-0.061464527844559316,-0.061464527844559316
Urban1:CensusTract36055011201,0,0,2.2465296872667642e-4,3.8004343867452476e-4,9.565796272295018e-4,9.565796272295018e-4,0,0,9.565796272295018e-4,9.565796272295018e-4
CensusTract36071011300,0,0,2.3707395991394862e-4,0.013084030772451823,0.026361451249849555,0.026361451249849555,0,0,0.026361451249849555,0.026361451249849555
Urban1:CensusTract36081107201,0,0,2.4392070920552076e-4,2.4702369580738537e-4,0.0030984367798705024,0.0030984367798705024,0,0,0.0030984367798705024,0.0030984367798705024
Urban1:CensusTract36029017300,0,0,2.470824536604428e-4,4.141806643596909e-4,0.0014949111709423074,0.0014949111709423074,0,0,0.0014949111709423074,0.0014949111709423074
Urban1:CensusTract36065025002,0,0,2.4719933269001587e-4,3.965628193163591e-4,0.001316567262178125,0.001316567262178125,0,0,0.001316567262178125,0.001316567262178125
Urban1:CensusTract36103134704,0,0,2.5297082104605394e-4,4.313942692808504e-4,0.0010702521493366538,0.0010702521493366538,0,0,0.0010702521493366538,0.0010702521493366538
Urban0:CountyLewis,0,0.0013254991127945035,2.536662146906425e-4,3.332394149611753e-4,0,0,0,0,0,0
Urban1:CensusTract36029013701,0,0,2.5493122451949817e-4,4.156940155332727e-4,0.0011778604475287241,0.0011778604475287241,0,0,0.0011778604475287241,0.0011778604475287241
Urban1:CensusTract36029010807,0,0,2.5519074274339286e-4,4.017237921305605e-4,0.0011919422541918823,0.0011919422541918823,0,0,0.0011919422541918823,0.0011919422541918823
Urban1:CensusTract36029012902,0,0,2.5565953431166125e-4,4.181013406771046e-4,0.001106229719569594,0.001106229719569594,0,0,0.001106229719569594,0.001106229719569594
Urban1:CensusTract36093032000,0,0,2.6926305721133235e-4,4.7076111519435166e-4,0.001018462260924835,0.001018462260924835,0,0,0.001018462260924835,0.001018462260924835
Urban1:CensusTract36093032101,0,0,2.697242399345219e-4,4.7365478838971804e-4,9.756290385823854e-4,9.756290385823854e-4,0,0,9.756290385823854e-4,9.756290385823854e-4
Urban1:CensusTract36103158322,0,0,2.698143980626785e-4,4.82507661386241e-4,0.0012796734019632325,0.0012796734019632325,0,0,0.0012796734019632325,0.0012796734019632325
Urban1:CensusTract36029009113,0,0,2.7060474369011044e-4,4.65393747261883e-4,0.0011029372053423447,0.0011029372053423447,0,0,0.0011029372053423447,0.0011029372053423447
Urban1:CensusTract36035970600,0,0,2.732391196053821e-4,4.2084647550303506e-4,0.001392594174192311,0.001392594174192311,0,0,0.001392594174192311,0.001392594174192311
Urban1:CensusTract36083052301,0,0,2.752417857410756e-4,4.656578822306224e-4,0.0016241160348921533,0.0016241160348921533,0,0,0.0016241160348921533,0.0016241160348921533
Urban1:CensusTract36015010300,0,0,2.758263439847884e-4,4.560694293502188e-4,0.0016962252115624305,0.0016962252115624305,0,0,0.0016962252115624305,0.0016962252115624305
Urban1:CensusTract36067016400,0,0,2.761353124903638e-4,4.49382922941643e-4,0.0013541209382762801,0.0013541209382762801,0,0,0.0013541209382762801,0.0013541209382762801
Urban1:CensusTract36029013201,0,0,2.830461599731778e-4,4.6325309420679824e-4,0.0012148105882252894,0.0012148105882252894,0,0,0.0012148105882252894,0.0012148105882252894
Urban1:CensusTract36043011200,0,0,2.859226585198776e-4,4.3262255683129735e-4,0.0012883078411041712,0.0012883078411041712,0,0,0.0012883078411041712,0.0012883078411041712
Urban1:CensusTract36067015400,0,0,2.866442782503225e-4,4.613979809154519e-4,0.001453495157673139,0.001453495157673139,0,0,0.001453495157673139,0.001453495157673139
Urban1:CensusTract36095740200,0,0,3.0060363611527133e-4,4.626674338296363e-4,0.003021128454635305,0.003021128454635305,0,0,0.003021128454635305,0.003021128454635305
Urban1:CensusTract36103146611,0,0,3.021274500404831e-4,5.249299932089171e-4,0.0011714791826745348,0.0011714791826745348,0,0,0.0011714791826745348,0.0011714791826745348
Urban1:CensusTract36113070702,0,0,3.0633916847609547e-4,5.133356536409793e-4,0.0011295132752035702,0.0011295132752035702,0,0,0.0011295132752035702,0.0011295132752035702
Urban1:CensusTract36009961000,0,0,3.0879961374754135e-4,4.8124681474921217e-4,0.0014886775983454267,0.0014886775983454267,0,0,0.0014886775983454267,0.0014886775983454267
Urban1:CensusTract36055013203,0,0,3.1533432614641187e-4,5.029734988647484e-4,0.0013759241780538292,0.0013759241780538292,0,0,0.0013759241780538292,0.0013759241780538292
Urban1:CensusTract36103159107,0,0,3.1926839054967744e-4,5.57271225785043e-4,0.0013489614809335053,0.0013489614809335053,0,0,0.0013489614809335053,0.0013489614809335053
CensusTract36055011201,0,0,3.2242771984636776e-4,0.02373435508475703,0.051377374577256614,0.051377374577256614,0,0,0.051377374577256614,0.051377374577256614
Urban1:CensusTract36015011100,0,0,3.2249617577095885e-4,4.947290500824327e-4,0.0016336516785720513,0.0016336516785720513,0,0,0.0016336516785720513,0.0016336516785720513
Urban1:CensusTract36103158111,0,0,3.321941673882335e-4,5.773646903506934e-4,0.0019035916837441033,0.0019035916837441033,0,0,0.0019035916837441033,0.0019035916837441033
Urban1:CensusTract36103190706,0,0,3.328494744568317e-4,5.836597872720401e-4,0.001713229510237182,0.001713229510237182,0,0,0.001713229510237182,0.001713229510237182
Urban1:CensusTract36103158110,0,0,3.3442940002916216e-4,5.8740050157307e-4,0.001256219971733951,0.001256219971733951,0,0,0.001256219971733951,0.001256219971733951
Urban1:CensusTract36103158710,0,0,3.3477535393483353e-4,5.705254232504757e-4,0.0017089738118733885,0.0017089738118733885,0,0,0.0017089738118733885,0.0017089738118733885
Urban1:CensusTract36103111504,0,0,3.34891771792206e-4,5.778921303597413e-4,0.001848847694968498,0.001848847694968498,0,0,0.001848847694968498,0.001848847694968498
Urban1:CensusTract36115088000,0,0,3.36946576604408e-4,5.161061762541733e-4,0.001801883970413639,0.001801883970413639,0,0,0.001801883970413639,0.001801883970413639
Urban1:CensusTract36067011500,0,0,3.394414390658767e-4,5.726336284901648e-4,0.001904899084079007,0.001904899084079007,0,0,0.001904899084079007,0.001904899084079007
CensusTract36071011101,0,0,3.4141985745131143e-4,0.01408916543571768,0.028270043204875767,0.028270043204875767,0,0,0.028270043204875767,0.028270043204875767
Urban1:CensusTract36103122404,0,0,3.540437294519573e-4,6.259304481410335e-4,0.0013429667561462248,0.0013429667561462248,0,0,0.0013429667561462248,0.0013429667561462248
Urban1:CensusTract36103159411,0,0,3.6205645403018913e-4,6.255200528676592e-4,0.0013266374146143002,0.0013266374146143002,0,0,0.0013266374146143002,0.0013266374146143002
Urban1:CensusTract36071012700,0,0,3.749337858209683e-4,6.323071396787696e-4,0.0017488095744807991,0.0017488095744807991,0,0,0.0017488095744807991,0.0017488095744807991
Urban1:CensusTract36071001300,0,0,3.7996171965922853e-4,6.752483237801199e-4,0.0015968810629413287,0.0015968810629413287,0,0,0.0015968810629413287,0.0015968810629413287
Urban1:CensusTract36055011604,0,0,3.8254768811014667e-4,5.047566214347504e-4,0.0014481128642368113,0.0014481128642368113,0,0,0.0014481128642368113,0.0014481128642368113
Urban1:CensusTract36055011203,0,0,3.8614731925038425e-4,5.416003321840066e-4,0.0013326608906958535,0.0013326608906958535,0,0,0.0013326608906958535,0.0013326608906958535
Urban1:CensusTract36071011101,0,0,3.866772995603431e-4,6.880653970850546e-4,0.0015257340250566277,0.0015257340250566277,0,0,0.0015257340250566277,0.0015257340250566277
Urban1:CensusTract36103146703,0,0,4.081854882654724e-4,7.225477708605753e-4,0.0016255774588390336,0.0016255774588390336,0,0,0.0016255774588390336,0.0016255774588390336
Urban1:CensusTract36071011300,0,0,4.0940742917674116e-4,7.000002192223045e-4,0.0016333650167797969,0.0016333650167797969,0,0,0.0016333650167797969,0.0016333650167797969
Urban1:CensusTract36103190603,0,0,4.0985471515101406e-4,6.976959342165862e-4,0.0028018124100289395,0.0028018124100289395,0,0,0.0028018124100289395,0.0028018124100289395
Urban1:CensusTract36029010804,0,0,4.146478743597822e-4,5.403176154493931e-4,0.0015011458246457516,0.0015011458246457516,0,0,0.0015011458246457516,0.0015011458246457516
Urban1:CensusTract36029008900,0,0,4.1988499818655455e-4,5.847240114553463e-4,0.0013332169066969026,0.0013332169066969026,0,0,0.0013332169066969026,0.0013332169066969026
Urban1:CensusTract36055011605,0,0,4.251490497393005e-4,5.937064608752478e-4,0.0015245912415698243,0.0015245912415698243,0,0,0.0015245912415698243,0.0015245912415698243
Urban1:CensusTract36037950400,0,0,4.2797057759768974e-4,5.75336091710676e-4,0.0015293434290350695,0.0015293434290350695,0,0,0.0015293434290350695,0.0015293434290350695
CensusTract36119014811,0,0,4.313502626674322e-4,5.402915521427858e-4,0.17053161321919635,0.17053161321919635,0,0,0.17053161321919635,0.17053161321919635
Urban1:CensusTract36029010808,0,0,4.315648082061558e-4,5.704493256452623e-4,0.0014208932916461216,0.0014208932916461216,0,0,0.0014208932916461216,0.0014208932916461216
Urban1:CensusTract36067010600,0,0,4.3633540370138345e-4,2.362039920313328e-4,0.005525405396641595,0.005525405396641595,0,0,0.005525405396641595,0.005525405396641595
Urban1:CensusTract36103110801,0,0,4.396664163264553e-4,6.230795179141562e-4,0.0013107918030988445,0.0013107918030988445,0,0,0.0013107918030988445,0.0013107918030988445
Urban1:CensusTract36103190504,0,0,4.4664497703118355e-4,6.48146805421723e-4,0.0013572916512430524,0.0013572916512430524,0,0,0.0013572916512430524,0.0013572916512430524
Urban1:CensusTract36029013202,0,0,4.4981923189530294e-4,6.363014086736911e-4,0.001442498388117737,0.001442498388117737,0,0,0.001442498388117737,0.001442498388117737
Urban1:CensusTract36113070900,0,0,4.549201462309665e-4,6.518601624306158e-4,0.0014465364708366707,0.0014465364708366707,0,0,0.0014465364708366707,0.0014465364708366707
Urban1:CensusTract36063024404,0,0,4.566352154045771e-4,5.905660237838793e-4,0.001925683566298044,0.001925683566298044,0,0,0.001925683566298044,0.001925683566298044
Urban1:CensusTract36103147503,0,0,4.572865682076896e-4,6.594485908848424e-4,0.0013073494364590616,0.0013073494364590616,0,0,0.0013073494364590616,0.0013073494364590616
Urban1:CensusTract36065025200,0,0,4.5748447361083916e-4,5.640243290345793e-4,0.0021694763308782636,0.0021694763308782636,0,0,0.0021694763308782636,0.0021694763308782636
Urban1:CensusTract36065025400,0,0,4.5768464665579497e-4,6.434511559416893e-4,0.0016283185574535405,0.0016283185574535405,0,0,0.0016283185574535405,0.0016283185574535405
Urban0:CensusTract36041950300,0,0,4.6239563330843455e-4,5.801315825062341e-4,0,0,0,0,0,0
Urban1:CensusTract36065025300,0,0,4.638473459065522e-4,6.413900687702568e-4,0.0015900142191551609,0.0015900142191551609,0,0,0.0015900142191551609,0.0015900142191551609
Urban1:CensusTract36029010809,0,0,4.6481029870830735e-4,6.110935588047521e-4,0.0019465250226992819,0.0019465250226992819,0,0,0.0019465250226992819,0.0019465250226992819
Urban1:CensusTract36029014603,0,0,4.707939939470483e-4,6.805973170603472e-4,0.0014897733496586215,0.0014897733496586215,0,0,0.0014897733496586215,0.0014897733496586215
Urban1:Year2019:CensusTract36067012200,0,0,4.7309135245858833e-4,8.482804088375697e-4,7.187747478300136e-17,7.187747478300136e-17,0,0,7.187747478300136e-17,7.187747478300136e-17
Urban1:CensusTract36067015000,0,0,4.7346442387127536e-4,6.786472486368847e-4,0.0014909727523379503,0.0014909727523379503,0,0,0.0014909727523379503,0.0014909727523379503
Urban1:CensusTract36093033003,0,0,4.7641569385078797e-4,6.138077639449993e-4,0.0019152906403292669,0.0019152906403292669,0,0,0.0019152906403292669,0.0019152906403292669
Urban1:CensusTract36029007304,0,0,4.766427562536825e-4,6.719518224366958e-4,0.001656316428471972,0.001656316428471972,0,0,0.001656316428471972,0.001656316428471972
Urban1:CensusTract36055014204,0,0,4.8622479975175186e-4,6.802370752754692e-4,0.002000420288847985,0.002000420288847985,0,0,0.002000420288847985,0.002000420288847985
Urban1:CensusTract36063022200,0,0,4.8766225011748725e-4,6.360616161225512e-4,0.001793615109840415,0.001793615109840415,0,0,0.001793615109840415,0.001793615109840415
Urban0:CensusTract36041950100,0,0,4.918384684087882e-4,6.088032556753498e-4,0,0,0,0,0,0
Urban0:CensusTract36019100400,0,0,4.920913062228742e-4,6.286725553704852e-4,0,0,0,0,0,0
Urban1:CensusTract36065023501,0,0,4.951308216150446e-4,6.578477680847124e-4,0.001879173079153102,0.001879173079153102,0,0,0.001879173079153102,0.001879173079153102
Urban1:CensusTract36103111401,0,0,4.981931580918474e-4,7.068009727287578e-4,0.0014232822474648612,0.0014232822474648612,0,0,0.0014232822474648612,0.0014232822474648612
Urban1:CensusTract36103190708,0,0,5.097504560871826e-4,6.858586777451522e-4,0.0016062322194869885,0.0016062322194869885,0,0,0.0016062322194869885,0.0016062322194869885
Urban1:CensusTract36007013301,0,0,5.129167185503775e-4,5.949620363117467e-4,0.011945538330127087,0.011945538330127087,0,0,0.011945538330127087,0.011945538330127087
Urban1:CensusTract36067014500,0,0,5.180536666256629e-4,6.66438610968821e-4,0.00210524873414525,0.00210524873414525,0,0,0.00210524873414525,0.00210524873414525
Urban1:CensusTract36055003700,0,0,5.182230515116497e-4,6.583257732783849e-4,0.0016470798250814065,0.0016470798250814065,0,0,0.0016470798250814065,0.0016470798250814065
Urban1:CensusTract36029013600,0,0,5.201018623313817e-4,7.084914881647296e-4,0.0017202335981146523,0.0017202335981146523,0,0,0.0017202335981146523,0.0017202335981146523
Urban1:CensusTract36065024301,0,0,5.218033205303673e-4,6.935698238294015e-4,0.001886634304031681,0.001886634304031681,0,0,0.001886634304031681,0.001886634304031681
Urban1:CensusTract36103158206,0,0,5.218995589585201e-4,7.166827683889555e-4,0.0018208139094259114,0.0018208139094259114,0,0,0.0018208139094259114,0.0018208139094259114
Urban1:CensusTract36067013701,0,0,5.234915696476242e-4,6.79071778151725e-4,0.0019120201250979827,0.0019120201250979827,0,0,0.0019120201250979827,0.0019120201250979827
Urban1:CensusTract36103201004,0,0,5.27233828811604e-4,7.259499522519953e-4,0.001862363495598806,0.001862363495598806,0,0,0.001862363495598806,0.001862363495598806
Urban1:CensusTract36067010322,0,0,5.278015026743874e-4,7.607803692280555e-4,0.0016974504748167559,0.0016974504748167559,0,0,0.0016974504748167559,0.0016974504748167559
Urban1:CensusTract36065023502,0,0,5.295711135803807e-4,7.136999101721051e-4,0.0017218019865831856,0.0017218019865831856,0,0,0.0017218019865831856,0.0017218019865831856
Urban1:CensusTract36029012003,0,0,5.306166112548042e-4,6.873402639115663e-4,0.0023197089288300755,0.0023197089288300755,0,0,0.0023197089288300755,0.0023197089288300755
Urban1:CensusTract36029009402,0,0,5.313378170918317e-4,7.065824412691078e-4,0.0018669871775245628,0.0018669871775245628,0,0,0.0018669871775245628,0.0018669871775245628
Urban1:CensusTract36107020402,0,0,5.314244282675048e-4,7.352784478696112e-4,0.0016473513499223635,0.0016473513499223635,0,0,0.0016473513499223635,0.0016473513499223635
Urban1:CensusTract36029009104,0,0,5.314500522924826e-4,7.024499205389311e-4,0.002109785199876304,0.002109785199876304,0,0,0.002109785199876304,0.002109785199876304
Urban1:CensusTract36055006100,0,0,5.3270743871804e-4,6.813415389187421e-4,0.00198334391311011,0.00198334391311011,0,0,0.00198334391311011,0.00198334391311011
Urban1:CensusTract36029014000,0,0,5.339169312764715e-4,7.050162453202013e-4,0.0019928189851829564,0.0019928189851829564,0,0,0.0019928189851829564,0.0019928189851829564
Urban1:CensusTract36029008001,0,0,5.350472165719264e-4,7.195969105343205e-4,0.001930160035323524,0.001930160035323524,0,0,0.001930160035323524,0.001930160035323524
Urban1:CensusTract36067015202,0,0,5.363220754672333e-4,7.692308702152813e-4,0.0017456179131929302,0.0017456179131929302,0,0,0.0017456179131929302,0.0017456179131929302
Urban1:CensusTract36067014800,0,0,5.37562418068446e-4,7.295442344709527e-4,0.0012795988470396943,0.0012795988470396943,0,0,0.0012795988470396943,0.0012795988470396943
Urban1:CensusTract36103122707,0,0,5.385351474359206e-4,7.551187745310181e-4,0.0024071160666738413,0.0024071160666738413,0,0,0.0024071160666738413,0.0024071160666738413
Urban1:CensusTract36087011303,0,0,5.412885174637235e-4,0.001383600136455291,0.002001783665652351,0.002001783665652351,0,0,0.002001783665652351,0.002001783665652351
Urban1:CensusTract36029010805,0,0,5.414978632743439e-4,6.91890044644394e-4,0.002524954342784392,0.002524954342784392,0,0,0.002524954342784392,0.002524954342784392
Urban1:CensusTract36065022702,0,0,5.447651801001217e-4,7.033205830875678e-4,0.0018871224973295493,0.0018871224973295493,0,0,0.0018871224973295493,0.0018871224973295493
Urban1:CensusTract36067012600,0,0,5.455586123537587e-4,7.153194248956051e-4,0.0021720226370904937,0.0021720226370904937,0,0,0.0021720226370904937,0.0021720226370904937
Urban1:CensusTract36019102100,0,0,5.471215470694816e-4,3.6641789368609427e-4,0.016481209087413535,0.016481209087413535,0,0,0.016481209087413535,0.016481209087413535
Urban1:CensusTract36063023405,0,0,5.478855732709161e-4,7.17066486455573e-4,0.0024283772937458777,0.0024283772937458777,0,0,0.0024283772937458777,0.0024283772937458777
Urban1:CensusTract36093032601,0,0,5.483375616892321e-4,7.34341713842546e-4,0.0015426623574739055,0.0015426623574739055,0,0,0.0015426623574739055,0.0015426623574739055
Urban1:CensusTract36109001300,0,0,5.488877537032785e-4,6.766958006556501e-4,0.0016726429829765073,0.0016726429829765073,0,0,0.0016726429829765073,0.0016726429829765073
Urban1:CountyRockland,0,0,5.501134393564763e-4,6.237338118037096e-4,0.001527347179192083,0.001527347179192083,0,0,0.001527347179192083,0.001527347179192083
Urban1:CensusTract36067011012,0,0,5.501152572345592e-4,6.980043505012113e-4,0.002512523885898566,0.002512523885898566,0,0,0.002512523885898566,0.002512523885898566
Urban1:CensusTract36093032503,0,0,5.520391895967876e-4,7.415921000509084e-4,0.0018362774609634875,0.0018362774609634875,0,0,0.0018362774609634875,0.0018362774609634875
Urban1:CensusTract36055010700,0,0,5.531995697812387e-4,7.098181001622471e-4,0.0018594041216291402,0.0018594041216291402,0,0,0.0018594041216291402,0.0018594041216291402
Urban1:CensusTract36093033002,0,0,5.555640825103364e-4,7.480121214027121e-4,0.0017755602338548422,0.0017755602338548422,0,0,0.0017755602338548422,0.0017755602338548422
Urban1:CensusTract36093032402,0,0,5.563275602706793e-4,7.425079479168802e-4,0.002106641435691134,0.002106641435691134,0,0,0.002106641435691134,0.002106641435691134
Urban1:CensusTract36029005300,0,0,5.625370027200852e-4,6.24161630472919e-4,6.43923215219877e-4,6.43923215219877e-4,0,0,6.43923215219877e-4,6.43923215219877e-4
Urban1:CensusTract36015010900,0,0,5.629905639620062e-4,7.347448252956467e-4,0.0021566146113083987,0.0021566146113083987,0,0,0.0021566146113083987,0.0021566146113083987
Urban1:CensusTract36093032403,0,0,5.642870603056939e-4,7.337690731586924e-4,0.006718367754847058,0.006718367754847058,0,0,0.006718367754847058,0.006718367754847058
Urban1:CensusTract36029009004,0,0,5.668642725727449e-4,7.482648532800182e-4,0.0021833044529755144,0.0021833044529755144,0,0,0.0021833044529755144,0.0021833044529755144
Urban1:CensusTract36103158607,0,0,5.686650076510392e-4,8.036507039148893e-4,0.0020229846763260553,0.0020229846763260553,0,0,0.0020229846763260553,0.0020229846763260553
Urban1:CensusTract36083051902,0,0,5.698606188139512e-4,7.359454966001684e-4,0.0020140141955307233,0.0020140141955307233,0,0,0.0020140141955307233,0.0020140141955307233
Urban1:CensusTract36067016002,0,0,5.699012144544339e-4,7.801053355778657e-4,0.0020204895751503964,0.0020204895751503964,0,0,0.0020204895751503964,0.0020204895751503964
Urban1:CensusTract36065021601,0,0,5.702308093375298e-4,7.460309804801085e-4,0.0022268040253238764,0.0022268040253238764,0,0,0.0022268040253238764,0.0022268040253238764
Urban1:CensusTract36029009702,0,0,5.703181831221532e-4,7.207856711117964e-4,0.0025115422596238535,0.0025115422596238535,0,0,0.0025115422596238535,0.0025115422596238535
Urban1:CensusTract36067011242,0,0,5.704379538320045e-4,8.01899571043805e-4,0.0018035873420196823,0.0018035873420196823,0,0,0.0018035873420196823,0.0018035873420196823
Urban1:CensusTract36029015301,0,0,5.740917768225155e-4,7.552543180284677e-4,0.0020523388452292255,0.0020523388452292255,0,0,0.0020523388452292255,0.0020523388452292255
Urban1:CensusTract36029010101,0,0,5.743194592955999e-4,7.33019893801552e-4,0.0025038950579022927,0.0025038950579022927,0,0,0.0025038950579022927,0.0025038950579022927
Urban1:CensusTract36029014209,0,0,5.756515237024007e-4,7.52456265809621e-4,0.002489664205381076,0.002489664205381076,0,0,0.002489664205381076,0.002489664205381076
Urban1:CensusTract36087011000,0,0,5.777567546559367e-4,0.001446884636193685,0.0021343995551310717,0.0021343995551310717,0,0,0.0021343995551310717,0.0021343995551310717
Urban1:CensusTract36093032102,0,0,5.777848900247392e-4,7.828754457207426e-4,0.001869614942873111,0.001869614942873111,0,0,0.001869614942873111,0.001869614942873111
Year2015:CensusTract36065026600,0,0,5.812136382842475e-4,7.255513448787044e-4,0,0,0,0,0,0
Urban1:CensusTract36069050202,0,0,5.823812885999411e-4,8.081550813431838e-4,0.0021289876032288143,0.0021289876032288143,0,0,0.0021289876032288143,0.0021289876032288143
Urban1:CensusTract36093032502,0,0,5.832462882240771e-4,7.541684851870639e-4,0.0021798597350205654,0.0021798597350205654,0,0,0.0021798597350205654,0.0021798597350205654
Urban1:CensusTract36093032901,0,0,5.840934200202347e-4,7.535046731075536e-4,0.002445208233529877,0.002445208233529877,0,0,0.002445208233529877,0.002445208233529877
Urban1:CensusTract36067013400,0,0,5.842100785739334e-4,7.40810049969811e-4,0.002109178250798423,0.002109178250798423,0,0,0.002109178250798423,0.002109178250798423
Urban1:CensusTract36067011241,0,0,5.87975333417356e-4,8.198592894665304e-4,0.001553572025658175,0.001553572025658175,0,0,0.001553572025658175,0.001553572025658175
Urban1:CensusTract36113070701,0,0,5.88725467077968e-4,7.120310672939367e-4,0.0024219684421980248,0.0024219684421980248,0,0,0.0024219684421980248,0.0024219684421980248
Urban1:CensusTract36065023901,0,0,5.901831183579237e-4,7.608826320614768e-4,0.00617027362961475,0.00617027362961475,0,0,0.00617027362961475,0.00617027362961475
Urban1:CensusTract36029009114,0,0,5.903415207074657e-4,7.527937182959718e-4,0.008375914710809465,0.008375914710809465,0,0,0.008375914710809465,0.008375914710809465
Urban1:CensusTract36103158707,0,0,5.912213543932183e-4,8.117664492157091e-4,0.0019240103398544294,0.0019240103398544294,0,0,0.0019240103398544294,0.0019240103398544294
Urban1:CensusTract36067015203,0,0,5.938600111683166e-4,8.111096318727549e-4,0.0017430467321232358,0.0017430467321232358,0,0,0.0017430467321232358,0.0017430467321232358
Urban1:CensusTract36029000600,0,0,5.940461617547344e-4,7.795309435325387e-4,0.002126284458375038,0.002126284458375038,0,0,0.002126284458375038,0.002126284458375038
Urban1:CensusTract36067016502,0,0,5.947289969629571e-4,7.840930585138731e-4,0.0022592675812682216,0.0022592675812682216,0,0,0.0022592675812682216,0.0022592675812682216
Urban1:CensusTract36007013304,0,0,5.947420878505999e-4,7.730818581571656e-4,0.002101143883120949,0.002101143883120949,0,0,0.002101143883120949,0.002101143883120949
Urban1:CensusTract36029009010,0,0,5.952783507843554e-4,8.260554000206087e-4,0.002282864457802979,0.002282864457802979,0,0,0.002282864457802979,0.002282864457802979
Urban1:CensusTract36007012102,0,0,5.963920316673414e-4,7.728450849594381e-4,0.0020497593281500887,0.0020497593281500887,0,0,0.0020497593281500887,0.0020497593281500887
Urban1:CensusTract36075021603,0,0,5.969676160759971e-4,7.846595191141223e-4,0.001991360240730421,0.001991360240730421,0,0,0.001991360240730421,0.001991360240730421
Urban1:CensusTract36043010300,0,0,5.975431156639118e-4,7.943882578590188e-4,0.001996284500240136,0.001996284500240136,0,0,0.001996284500240136,0.001996284500240136
Urban1:CensusTract36055015102,0,0,5.989778719134866e-4,7.966281841546627e-4,0.00220462185159902,0.00220462185159902,0,0,0.00220462185159902,0.00220462185159902
Urban1:CensusTract36035971300,0,0,5.995573313903524e-4,7.7537804261658e-4,0.00204546623755277,0.00204546623755277,0,0,0.00204546623755277,0.00204546623755277
Urban1:CensusTract36029011800,0,0,6.005193171694624e-4,7.663440740250888e-4,0.0026583158792740924,0.0026583158792740924,0,0,0.0026583158792740924,0.0026583158792740924
Urban1:CensusTract36069050101,0,0,6.014636354052614e-4,7.953741072522826e-4,0.0023020712644387003,0.0023020712644387003,0,0,0.0023020712644387003,0.0023020712644387003
Urban1:CensusTract36029007903,0,0,6.027069231329648e-4,7.564685449848947e-4,0.006936927791960081,0.006936927791960081,0,0,0.006936927791960081,0.006936927791960081
Urban1:CensusTract36055015304,0,0,6.053020557460841e-4,7.503184420446919e-4,0.001896472260657021,0.001896472260657021,0,0,0.001896472260657021,0.001896472260657021
Urban1:CensusTract36063022902,0,0,6.06410259520303e-4,7.655742567994551e-4,0.0093926606894779,0.0093926606894779,0,0,0.0093926606894779,0.0093926606894779
Urban1:CensusTract36071011602,0,0,6.07014299602365e-4,8.057101563041721e-4,0.0021274793330968824,0.0021274793330968824,0,0,0.0021274793330968824,0.0021274793330968824
Urban1:CensusTract36113072000,0,0,6.078764970256453e-4,7.586948680233467e-4,0.012737333260179624,0.012737333260179624,0,0,0.012737333260179624,0.012737333260179624
Urban1:CensusTract36071000100,0,0,6.085171397986106e-4,8.457489309404481e-4,0.001654824520559619,0.001654824520559619,0,0,0.001654824520559619,0.001654824520559619
Urban1:CensusTract36007014600,0,0,6.095040169138425e-4,7.997914174921075e-4,0.002433941387876759,0.002433941387876759,0,0,0.002433941387876759,0.002433941387876759
Urban1:CensusTract36039080700,0,0,6.120121545720294e-4,8.093838903556671e-4,0.002332288241754715,0.002332288241754715,0,0,0.002332288241754715,0.002332288241754715
Urban1:CensusTract36055014503,0,0,6.124028321275439e-4,7.722531507100497e-4,0.002789874802083204,0.002789874802083204,0,0,0.002789874802083204,0.002789874802083204
Urban1:CensusTract36029009401,0,0,6.196882439874338e-4,7.686273564278951e-4,0.0022895213507747956,0.0022895213507747956,0,0,0.0022895213507747956,0.0022895213507747956
Urban1:CensusTract36007014301,0,0,6.226725778839361e-4,7.72265093165859e-4,0.0021732692225185815,0.0021732692225185815,0,0,0.0021732692225185815,0.0021732692225185815
Urban1:CensusTract36067012400,0,0,6.270703294682912e-4,8.02687033759606e-4,0.002190562134245123,0.002190562134245123,0,0,0.002190562134245123,0.002190562134245123
Urban1:CensusTract36075021402,0,0,6.278041202903978e-4,7.981350237348326e-4,0.011251622034336778,0.011251622034336778,0,0,0.011251622034336778,0.011251622034336778
CensusTract36007001500,0,0,-6.306111861614963e-4,-0.013723178605017405,-0.027280386569625847,-0.027280386569625847,0,0,-0.027280386569625847,-0.027280386569625847
Urban1:CensusTract36083041200,0,0,6.307234036571095e-4,8.099492606982254e-4,0.0021265081359274868,0.0021265081359274868,0,0,0.0021265081359274868,0.0021265081359274868
Urban1:CensusTract36103159406,0,0,6.322403810874049e-4,8.845678067855702e-4,0.0021361179233000045,0.0021361179233000045,0,0,0.0021361179233000045,0.0021361179233000045
Urban1:CensusTract36063024501,0,0,6.352077720278602e-4,8.128203402207891e-4,0.002718258821281954,0.002718258821281954,0,0,0.002718258821281954,0.002718258821281954
Urban1:CensusTract36067010301,0,0,6.370861548302317e-4,8.254505423131696e-4,0.0025084984989632757,0.0025084984989632757,0,0,0.0025084984989632757,0.0025084984989632757
Urban1:CensusTract36083052503,0,0,6.388696269167237e-4,8.265619495043717e-4,0.0027250918149774274,0.0027250918149774274,0,0,0.0027250918149774274,0.0027250918149774274
Urban1:CensusTract36029013900,0,0,6.401645154631136e-4,8.47018778295132e-4,0.002037162903707715,0.002037162903707715,0,0,0.002037162903707715,0.002037162903707715
Urban1:CensusTract36103190604,0,0,6.432063825427248e-4,9.29089923732183e-4,0.002042867838206977,0.002042867838206977,0,0,0.002042867838206977,0.002042867838206977
Urban1:CensusTract36087011902,0,0,6.468625732382567e-4,0.0015564689546121806,0.0024268214172686185,0.0024268214172686185,0,0,0.0024268214172686185,0.0024268214172686185
Urban1:CensusTract36103158711,0,0,6.483739812683163e-4,8.704050196294428e-4,0.0025359157912756805,0.0025359157912756805,0,0,0.0025359157912756805,0.0025359157912756805
Urban1:CensusTract36103158315,0,0,6.49851685652151e-4,8.666351477605766e-4,0.0025181357291970173,0.0025181357291970173,0,0,0.0025181357291970173,0.0025181357291970173
Urban1:CensusTract36029007800,0,0,6.505818168180874e-4,8.079092989088364e-4,0.0026587107244477786,0.0026587107244477786,0,0,0.0026587107244477786,0.0026587107244477786
Urban0:CensusTract36031961400,0,0,6.528684897791566e-4,7.985958377868124e-4,0,0,0,0,0,0
Urban1:CensusTract36029016200,0,0,6.537061964753402e-4,8.064021956523791e-4,0.0026571091165679232,0.0026571091165679232,0,0,0.0026571091165679232,0.0026571091165679232
Urban1:CensusTract36103159408,0,0,6.622414318145286e-4,9.245647735877474e-4,0.0021238576375520206,0.0021238576375520206,0,0,0.0021238576375520206,0.0021238576375520206
Urban1:CensusTract36071011601,0,0,6.633267041451755e-4,8.770676228253839e-4,0.0023781682177844016,0.0023781682177844016,0,0,0.0023781682177844016,0.0023781682177844016
Urban1:CensusTract36029015504,0,0,6.641838956446657e-4,8.218517998619797e-4,0.014373681476636355,0.014373681476636355,0,0,0.014373681476636355,0.014373681476636355
Urban1:CensusTract36083052303,0,0,6.703352407740947e-4,8.478757482906689e-4,0.0025162851331422716,0.0025162851331422716,0,0,0.0025162851331422716,0.0025162851331422716
Urban1:CensusTract36013037100,0,0,6.722550622516886e-4,8.294258527515188e-4,0.013580805950925125,0.013580805950925125,0,0,0.013580805950925125,0.013580805950925125
Urban1:CensusTract36029009109,0,0,6.751870217679572e-4,8.157315620082917e-4,0.017171146157118546,0.017171146157118546,0,0,0.017171146157118546,0.017171146157118546
Urban1:CensusTract36101962900,0,0,6.763180081447166e-4,8.560240544209897e-4,0.009797209098574153,0.009797209098574153,0,0,0.009797209098574153,0.009797209098574153
Urban1:CensusTract36103190402,0,0,6.765530948668194e-4,9.149795686053213e-4,0.00159469992640647,0.00159469992640647,0,0,0.00159469992640647,0.00159469992640647
Urban1:CensusTract36065023200,0,0,6.813009644792146e-4,8.448476502769178e-4,0.0025536074424017284,0.0025536074424017284,0,0,0.0025536074424017284,0.0025536074424017284
Urban1:CensusTract36067011232,0,0,6.816993333917321e-4,8.860543414375704e-4,0.0022595275062795082,0.0022595275062795082,0,0,0.0022595275062795082,0.0022595275062795082
Urban1:CensusTract36007012101,0,0,6.82865521268672e-4,8.521024653560925e-4,0.01535755954865974,0.01535755954865974,0,0,0.01535755954865974,0.01535755954865974
CensusTract36055013901,0,0,-6.829292655262774e-4,-0.02263709162174873,-0.0453533324130374,-0.0453533324130374,0,0,-0.0453533324130374,-0.0453533324130374
Urban1:CensusTract36007012701,0,0,6.830398335173645e-4,8.558797253206667e-4,0.0026794567500996974,0.0026794567500996974,0,0,0.0026794567500996974,0.0026794567500996974
Urban1:CensusTract36015010600,0,0,6.845567447570502e-4,8.588422210452838e-4,0.0030474573240637953,0.0030474573240637953,0,0,0.0030474573240637953,0.0030474573240637953
Urban0:CensusTract36083052103,0,0,6.931489839721381e-4,8.670313203363891e-4,0,0,0,0,0,0
Urban1:CensusTract36065022100,0,0,7.041699303862214e-4,9.000946870345123e-4,0.011194673545942342,0.011194673545942342,0,0,0.011194673545942342,0.011194673545942342
Urban0:CensusTract36021000100,0,0,7.058183717757642e-4,8.49690809021166e-4,0,0,0,0,0,0
Urban1:CensusTract36103111503,0,0,7.076470625940883e-4,9.332051143669182e-4,0.0025225460609713175,0.0025225460609713175,0,0,0.0025225460609713175,0.0025225460609713175
Urban1:CensusTract36013036000,0,0,7.130024103550108e-4,8.710657802647096e-4,0.020997016519352967,0.020997016519352967,0,0,0.020997016519352967,0.020997016519352967
Urban1:CensusTract36025970600,0,0,7.226580315538291e-4,9.008471285529588e-4,0.0021586695876783545,0.0021586695876783545,0,0,0.0021586695876783545,0.0021586695876783545
Urban1:CensusTract36075020702,0,0,7.253662707227122e-4,9.084137612869274e-4,0.002723349479040101,0.002723349479040101,0,0,0.002723349479040101,0.002723349479040101
Urban1:CensusTract36063022602,0,0,7.269974224471158e-4,8.854876885209703e-4,0.0029863183614906065,0.0029863183614906065,0,0,0.0029863183614906065,0.0029863183614906065
Urban1:CensusTract36055013205,0,0,7.334258823858335e-4,8.925405981695163e-4,0.0026380282944790116,0.0026380282944790116,0,0,0.0026380282944790116,0.0026380282944790116
Urban1:CensusTract36029015900,0,0,7.518497160759443e-4,9.468399159332589e-4,0.002684690570734387,0.002684690570734387,0,0,0.002684690570734387,0.002684690570734387
Urban1:CensusTract36063020100,0,0,7.522185362534654e-4,9.243049239909761e-4,0.002512343129990902,0.002512343129990902,0,0,0.002512343129990902,0.002512343129990902
Urban1:CensusTract36093021001,0,0,7.561310666757249e-4,8.464085291492966e-4,3.5318382159804895e-4,3.5318382159804895e-4,0,0,3.5318382159804895e-4,3.5318382159804895e-4
Urban1:CensusTract36055008500,0,0,7.568457466019081e-4,9.013101148307749e-4,0.0024215355547336204,0.0024215355547336204,0,0,0.0024215355547336204,0.0024215355547336204
Urban1:CensusTract36063024002,0,0,7.73262628676045e-4,5.318989673940011e-4,0.018794634404373175,0.018794634404373175,0,0,0.018794634404373175,0.018794634404373175
Urban1:CensusTract36011041700,0,0,7.746214777197238e-4,9.438684147290064e-4,0.0031214205645389804,0.0031214205645389804,0,0,0.0031214205645389804,0.0031214205645389804
Urban1:CensusTract36055013401,0,0,7.801057379555564e-4,9.548763455183856e-4,0.003873167745756854,0.003873167745756854,0,0,0.003873167745756854,0.003873167745756854
Urban0:CensusTract36067016802,0,0,7.826646064106968e-4,9.778985678024175e-4,0,0,0,0,0,0
Urban1:CensusTract36029009112,0,0,7.927679955510076e-4,9.04431566378839e-4,0.0033031946786234246,0.0033031946786234246,0,0,0.0033031946786234246,0.0033031946786234246
Urban1:CensusTract36023970300,0,0,7.934993568577077e-4,9.86393832452103e-4,0.012545029026908633,0.012545029026908633,0,0,0.012545029026908633,0.012545029026908633
Urban1:CensusTract36023970400,0,0,7.937999697496909e-4,9.858965853122125e-4,0.014050810324119688,0.014050810324119688,0,0,0.014050810324119688,0.014050810324119688
Urban1:CensusTract36007014200,0,0,7.991901370873617e-4,9.201672801242097e-4,0.003853824772010732,0.003853824772010732,0,0,0.003853824772010732,0.003853824772010732
Urban1:CensusTract36013035901,0,0,7.999370977751512e-4,9.57041068059409e-4,0.0025750431962771204,0.0025750431962771204,0,0,0.0025750431962771204,0.0025750431962771204
Urban1:CensusTract36091062100,0,0,8.029006775182224e-4,0.0010043829094697465,0.003368091812769465,0.003368091812769465,0,0,0.003368091812769465,0.003368091812769465
Urban1:CensusTract36101960600,0,0,8.072644014212935e-4,9.687117848590067e-4,0.019217677171453024,0.019217677171453024,0,0,0.019217677171453024,0.019217677171453024
Year2019:CountyOnondaga,0,0,8.075226362403092e-4,3.554637930664726e-4,0,0,0,0,0,0
Urban0:CensusTract36043011400,0,0,8.092431432369301e-4,0.0010018152532071025,0,0,0,0,0,0
Urban1:CensusTract36029013001,0,0,8.147649921913051e-4,9.840755934969869e-4,0.003957080850671699,0.003957080850671699,0,0,0.003957080850671699,0.003957080850671699
Urban1:CensusTract36045060500,0,0,8.234023120378661e-4,0.0010501182664806336,0.003502674098381175,0.003502674098381175,0,0,0.003502674098381175,0.003502674098381175
Urban1:CensusTract36109001000,0,0,8.258393456058228e-4,9.910048176775463e-4,0.002651929588063807,0.002651929588063807,0,0,0.002651929588063807,0.002651929588063807
Urban1:CensusTract36029017501,0,0,8.330646373527836e-4,0.00104570801503651,0.0027374302424580162,0.0027374302424580162,0,0,0.0027374302424580162,0.0027374302424580162
Urban0:CensusTract36019100300,0,0,8.337602399338447e-4,0.0010113180731277747,0,0,0,0,0,0
Urban1:CensusTract36119013104,0,0,8.412478966597159e-4,0.0013191719441003416,0.0020383162805275605,0.0020383162805275605,0,0,0.0020383162805275605,0.0020383162805275605
Urban1:CensusTract36029012502,0,0,0.00086945556881983725,9.981368660119331e-4,0.003363549265387791,0.003363549265387791,0,0,0.003363549265387791,0.003363549265387791
Urban1:CensusTract36015000400,0,0,8.7011539976385e-4,0.001059998906857645,0.02061078815619999,0.02061078815619999,0,0,0.02061078815619999,0.02061078815619999
Urban1:CensusTract36065021301,0,0,8.715884866837695e-4,0.0010683775566185233,0.0018446535950957929,0.0018446535950957929,0,0,0.0018446535950957929,0.0018446535950957929
Urban0:CensusTract36043011501,0,0,8.718070004274671e-4,0.0010453640824917602,0,0,0,0,0,0
Urban1:CensusTract36043010501,0,0,8.777066654109557e-4,0.0010470528409000739,0.0034795284812703634,0.0034795284812703634,0,0,0.0034795284812703634,0.0034795284812703634
Urban1:CensusTract36073040700,0,0,8.906836161267539e-4,0.0011117510256856429,0.003045314168507962,0.003045314168507962,0,0,0.003045314168507962,0.003045314168507962
Urban1:CensusTract36007013100,0,0,8.920161243499908e-4,0.0010671254268327002,0.021153429981941658,0.021153429981941658,0,0,0.021153429981941658,0.021153429981941658
Urban0:CensusTract36045060700,0,0,8.945653069923655e-4,0.001107131916703001,0,0,0,0,0,0
Urban0:CensusTract36017970200,0,0,9.03443067372604e-4,0.0010946925207306333,0,0,0,0,0,0
Urban1:CensusTract36069051700,0,0,9.217599407787393e-4,0.0010936802569208174,0.032402065722230394,0.032402065722230394,0,0,0.032402065722230394,0.032402065722230394
Urban1:CensusTract36029015503,0,0,9.350869094291777e-4,6.545745630801808e-4,0.003336243908497556,0.003336243908497556,0,0,0.003336243908497556,0.003336243908497556
Urban1:CensusTract36093033500,0,0,9.398049505989221e-4,0.001023172447963035,0.004130976002769732,0.004130976002769732,0,0,0.004130976002769732,0.004130976002769732
Urban0:CensusTract36075020100,0,0,9.442128673092458e-4,0.001141269090023981,0,0,0,0,0,0
Urban1:CensusTract36029009107,0,0,9.464426239108476e-4,0.0011797939295584258,0.0031715447357024106,0.0031715447357024106,0,0,0.0031715447357024106,0.0031715447357024106
Urban1:CensusTract36101961200,0,0,9.565132438519008e-4,0.0011241125683065564,0.004689577546659547,0.004689577546659547,0,0,0.004689577546659547,0.004689577546659547
Urban1:CensusTract36013035600,0,0,9.741672131008899e-4,0.0012395481885484037,0.027261113325840247,0.027261113325840247,0,0,0.027261113325840247,0.027261113325840247
Urban0:CensusTract36101961800,0,0,9.768445646834672e-4,0.0011831512733556859,0,0,0,0,0,0
Urban0:CensusTract36115090000,0,0,9.870903817616168e-4,0.0011476124848553545,0,0,0,0,0,0
Urban1:CensusTract36013035800,0,0,9.901065829653018e-4,0.0011299105072008237,0.0030857634035633564,0.0030857634035633564,0,0,0.0030857634035633564,0.0030857634035633564
Urban1:CensusTract36073040400,0,0,9.979537937561168e-4,0.0012179723020323077,0.022692871585260555,0.022692871585260555,0,0,0.022692871585260555,0.022692871585260555
Urban1:CensusTract36075020901,0,0,0.0010120566253335643,0.0012237613734139713,0.003849012383634826,0.003849012383634826,0,0,0.003849012383634826,0.003849012383634826
Urban1:CensusTract36001014203,0,0,0.0010148628116900943,0.002506203159307889,9.971571565273365e-4,9.971571565273365e-4,0,0,9.971571565273365e-4,9.971571565273365e-4
Urban1:CensusTract36015010800,0,0,0.0010228246129414262,0.0011980452247133911,0.004652938692710444,0.004652938692710444,0,0,0.004652938692710444,0.004652938692710444
Urban1:CensusTract36029012300,0,0,0.0010238001929112482,0.001238372577277069,0.030545304407306188,0.030545304407306188,0,0,0.030545304407306188,0.030545304407306188
Urban1:CensusTract36001013506,0,0,0.00102871916385867,0.002499359547575931,0.0011919352373152311,0.0011919352373152311,0,0,0.0011919352373152311,0.0011919352373152311
Urban1:CensusTract36063020300,0,0,0.001034298452965613,0.0012127823758543387,0.025764352142472403,0.025764352142472403,0,0,0.025764352142472403,0.025764352142472403
Urban1:CensusTract36063023600,0,0,0.0010370525797981018,0.0012489852650879388,0.004486860453851004,0.004486860453851004,0,0,0.004486860453851004,0.004486860453851004
Urban1:CensusTract36063022601,0,0,0.001051068153112508,0.0012182807586832095,0.004344177041549432,0.004344177041549432,0,0,0.004344177041549432,0.004344177041549432
Urban1:PovertyRate,0,0,-0.0010739029025506734,-0.0010650651209658738,-0.001069659994706379,-0.001069659994706379,0,0,-0.001069659994706379,-0.001069659994706379
Urban0:CensusTract36101962000,0,0,0.0010790731406943805,0.0013148113253705707,0,0,0,0,0,0
Urban1:CensusTract36055007100,0,0,0.0011022633259194965,0.0013255417518172722,0.03585250135894282,0.03585250135894282,0,0,0.03585250135894282,0.03585250135894282
Urban1:CensusTract36005046201,0,0,-0.0011588174734587526,-0.0013185630108438723,-0.004797625317628574,-0.004797625317628574,0,0,-0.004797625317628574,-0.004797625317628574
CensusTract36103134704,0,0,0.0011589514858143404,0.018417345306387358,0.035836875436470454,0.035836875436470454,0,0,0.035836875436470454,0.035836875436470454
Urban1:CensusTract36013030100,0,0,0.0011601773776983805,0.0013847834791628827,0.0034333986328949273,0.0034333986328949273,0,0,0.0034333986328949273,0.0034333986328949273
Urban1:CensusTract36065022500,0,0,0.0011641029866170229,0.0013916051463686977,0.003180829278604736,0.003180829278604736,0,0,0.003180829278604736,0.003180829278604736
Urban1:CensusTract36011041300,0,0,0.0011792599394491725,0.0013936531017730072,0.005023106595539267,0.005023106595539267,0,0,0.005023106595539267,0.005023106595539267
Urban0:CensusTract36013036700,0,0,0.0011814043294035383,0.001432786506290083,0,0,0,0,0,0
Urban1:CensusTract36013030600,0,0,0.001201799272358961,0.0014359744070495653,0.004354679986265134,0.004354679986265134,0,0,0.004354679986265134,0.004354679986265134
Urban1:CensusTract36029012400,0,0,0.0012305385111475006,0.0013870037002101055,0.004738245589875193,0.004738245589875193,0,0,0.004738245589875193,0.004738245589875193
Urban1:Year2019:CensusTract36067005800,0,0,0.0012321672202649503,0.0016073562766440793,7.187747478300136e-17,7.187747478300136e-17,0,0,7.187747478300136e-17,7.187747478300136e-17
Urban1:Year2019:CensusTract36067005900,0,0,0.001232167220265098,0.0016073562766438577,7.187747478300136e-17,7.187747478300136e-17,0,0,7.187747478300136e-17,7.187747478300136e-17
Urban1:Year2019:CensusTract36067005500,0,0,0.0012321672202652457,0.0016073562766440793,7.187747478300136e-17,7.187747478300136e-17,0,0,7.187747478300136e-17,7.187747478300136e-17
Urban1:CensusTract36045060803,0,0,0.0012560123865467938,0.0015931755596023972,0.005553934883242457,0.005553934883242457,0,0,0.005553934883242457,0.005553934883242457
Urban1:CensusTract36065022000,0,0,0.0012561688091395006,0.0014856703277963193,0.0040993061775257,0.0040993061775257,0,0,0.0040993061775257,0.0040993061775257
Urban1:CensusTract36061000100,0,0,0.0012768764440942064,0.0014529676692660995,0.0020304852955394786,0.0020304852955394786,0,0,0.0020304852955394786,0.0020304852955394786
Year2015:CensusTract36065025900,0,0,0.0012831895018810074,0.0011731413211049277,0,0,0,0,0,0
Urban1:CensusTract36029003901,0,0,0.001309772710039996,0.0015144846986863058,0.0031811252621136996,0.0031811252621136996,0,0,0.0031811252621136996,0.0031811252621136996
Urban1:CensusTract36089490100,0,0,0.0013720630054357692,0.002157923151193142,0.0026261877158227425,0.0026261877158227425,0,0,0.0026261877158227425,0.0026261877158227425
Urban1:CensusTract36103190502,0,0,0.0013737774778820023,0.0018028617643911196,0.002377115145799996,0.002377115145799996,0,0,0.002377115145799996,0.002377115145799996
CensusTract36071012700,0,0,0.0013757928466462122,0.015051094646552925,0.028641233021544896,0.028641233021544896,0,0,0.028641233021544896,0.028641233021544896
Urban1:CensusTract36029010102,0,0,0.0013901979802665395,0.001595760739453803,0.005801958272835494,0.005801958272835494,0,0,0.005801958272835494,0.005801958272835494
Urban1:CensusTract36071000400,0,0,0.001393904610834625,0.0017693436324049037,0.004522435870802317,0.004522435870802317,0,0,0.004522435870802317,0.004522435870802317
Urban1:CensusTract36029008400,0,0,0.0014083928301115455,0.001572929551463403,0.003993522278281741,0.003993522278281741,0,0,0.003993522278281741,0.003993522278281741
Urban1:CensusTract36029000500,0,0,0.0014775837465886548,0.0017078232339979374,0.003802371685373992,0.003802371685373992,0,0,0.003802371685373992,0.003802371685373992
Year2015:CensusTract36015000300,0,0,0.0014785818603224171,0.0025132346268604165,0.0033194327154055675,0.0033194327154055675,0,0,0.0033194327154055675,0.0033194327154055675
Urban1:CountyAlbany,0,0.01836010817678446,0.0014934294402324999,0.0025418458051067244,0.021503365400115257,0.021503365400115257,0.004054870850913328,0.01862743727233358,0.021503365400115257,0.021503365400115257
Urban1:CensusTract36033951100,0,0,0.001497054400353878,0.0036263789293458724,0.01994711752159459,0.01994711752159459,0,0,0.01994711752159459,0.01994711752159459
Urban1:CensusTract36029004300,0,0,0.001504553547570738,0.0017688450580600947,0.005294583630792578,0.005294583630792578,0,0,0.005294583630792578,0.005294583630792578
Urban1:CensusTract36067011201,0,0,0.0015187175133039301,0.0014207349671526964,0.015054196824512076,0.015054196824512076,0,0,0.015054196824512076,0.015054196824512076
Urban1:CensusTract36029008300,0,0,0.0015746745892846448,0.0018441547800783517,0.005311205748336458,0.005311205748336458,0,0,0.005311205748336458,0.005311205748336458
Urban1:CensusTract36081091800,0,0,0.0015963683873578684,0.001948719298895293,0.0014604513415004882,0.0014604513415004882,0,0,0.0014604513415004882,0.0014604513415004882
Urban1:CensusTract36087013001,0,0,0.0016002271154827758,0.0024324329209664364,0.0023072075127900738,0.0023072075127900738,0,0,0.0023072075127900738,0.0023072075127900738
CensusTract36071001300,0,0,0.0016417968580982709,0.01508746932249935,0.02880726588568965,0.02880726588568965,0,0,0.02880726588568965,0.02880726588568965
Urban1:CensusTract36029017000,0,0,0.0016448748680038526,0.0018623799425957746,0.005559962734786885,0.005559962734786885,0,0,0.005559962734786885,0.005559962734786885
Urban1:CensusTract36029004401,0,0,0.0016502642064479603,0.001873322737411487,0.004883363603246552,0.004883363603246552,0,0,0.004883363603246552,0.004883363603246552
Urban1:CensusTract36001014608,0,0,0.001668788722776333,0.0030915710966621488,8.279308308518265e-4,8.279308308518265e-4,0,0,8.279308308518265e-4,8.279308308518265e-4
Urban1:CensusTract36029005202,0,0,0.001678309595196806,0.001792388802318771,0.0028868153675003414,0.0028868153675003414,0,0,0.0028868153675003414,0.0028868153675003414
Urban1:CensusTract36029000110,0,0,0.0016830155044596001,0.0019492944152638342,0.0062376500422409225,0.0062376500422409225,0,0,0.0062376500422409225,0.0062376500422409225
Urban1:CensusTract36103146605,0,0,0.0017008003144759136,0.00219925250864489,0.0034876625301605456,0.0034876625301605456,0,0,0.0034876625301605456,0.0034876625301605456
Urban1:CensusTract36103145702,0,0,0.0017156473583421514,0.0021752179069218797,0.005366267955636499,0.005366267955636499,0,0,0.005366267955636499,0.005366267955636499
Urban1:CensusTract36087011700,0,0,0.0017241482560474749,0.002628723473872956,0.00260750326538683,0.00260750326538683,0,0,0.00260750326538683,0.00260750326538683
Urban1:CensusTract36055007000,0,0,0.0017290384925079082,0.0019204421053715941,0.004571962966478878,0.004571962966478878,0,0,0.004571962966478878,0.004571962966478878
Year2015:CensusTract36061000100,0,0,0.0017590834990752944,0.0021833826761791255,0.001284757807538249,0.001284757807538249,0,0,0.001284757807538249,0.001284757807538249
Urban1:CensusTract36119011800,0,0,0.0017770866913463521,0.00221138276551957,0.002158685393621749,0.002158685393621749,0,0,0.002158685393621749,0.002158685393621749
CensusTract36029011300,0,0,-0.0018054483045555438,-0.014326796144904832,-0.02721114653026516,-0.02721114653026516,0,0,-0.02721114653026516,-0.02721114653026516
Urban1:CensusTract36119012000,0,0,0.0018223395852231784,0.0022572891984200343,0.0024020944250193734,0.0024020944250193734,0,0,0.0024020944250193734,0.0024020944250193734
Urban1:CensusTract36103122403,0,0,0.0018546741937972185,0.002418445521834859,0.005946073127860776,0.005946073127860776,0,0,0.005946073127860776,0.005946073127860776
Urban1:CensusTract36029016400,0,0,0.0018570867861773192,0.002150641241869238,0.0059020777894424215,0.0059020777894424215,0,0,0.0059020777894424215,0.0059020777894424215
Urban1:CensusTract36001013508,0,0,0.0018647305679146263,0.0033648655268177586,0.0016783826712451987,0.0016783826712451987,0,0,0.0016783826712451987,0.0016783826712451987
Urban1:CensusTract36119013102,0,0,0.0018703917534409022,0.002335014019766743,0.0024250452697899007,0.0024250452697899007,0,0,0.0024250452697899007,0.0024250452697899007
Urban1:CensusTract36103190403,0,0,0.0018787824700733653,0.002453632629946961,0.0032490973231378093,0.0032490973231378093,0,0,0.0032490973231378093,0.0032490973231378093
Urban1:CensusTract36119007700,0,0,0.0018925992089791714,0.0023621018614835535,0.0025382801744374493,0.0025382801744374493,0,0,0.0025382801744374493,0.0025382801744374493
CensusTract36103159411,0,0,0.0019204899835460769,0.01902096476255498,0.03651722828173526,0.03651722828173526,0,0,0.03651722828173526,0.03651722828173526
Urban1:CensusTract36119007600,0,0,0.0019223053425322636,0.0024131372851558417,0.0026201962028877977,0.0026201962028877977,0,0,0.0026201962028877977,0.0026201962028877977
CensusTract36103146611,0,0,0.0019896561865492086,0.018764764624700732,0.035971094708107165,0.035971094708107165,0,0,0.035971094708107165,0.035971094708107165
Urban1:CensusTract36029017400,0,0,0.0020201883865094096,0.002340644372387915,0.006064579626271616,0.006064579626271616,0,0,0.006064579626271616,0.006064579626271616
Urban0:CensusTract36067016801,0,0,0.0020591128907190277,0.0021185194191712044,0,0,0,0,0,0
Urban1:CensusTract36069051800,0,0,0.002127438916987569,0.0024274618555966926,0.007724126958301479,0.007724126958301479,0,0,0.007724126958301479,0.007724126958301479
Urban0:CensusTract36067016901,0,0,0.002185455938361724,0.0022681511910165888,0,0,0,0,0,0
Urban1:CensusTract36029004200,0,0,0.0022190145598931436,0.0024529503506973507,0.006050019237780164,0.006050019237780164,0,0,0.006050019237780164,0.006050019237780164
Urban0:CensusTract36045980000,0,0,0.002308815878221474,0.0026558870730517925,0,0,0,0,0,0
Urban0:CensusTract36083052603,0,0,0.0023176225338457502,0.002326146279210131,0,0,0,0,0,0
Urban0:CensusTract36121970400,0,0,0.002332788378423106,0.0023391563029273635,0,0,0,0,0,0
Urban0:CensusTract36019101800,0,0,0.0023361706642917594,0.0023433597203298983,0,0,0,0,0,0
Urban1:CensusTract36087012502,0,0,0.002341846141806111,0.0031897747499711198,0.0034144430418479466,0.0034144430418479466,0,0,0.0034144430418479466,0.0034144430418479466
Urban1:CensusTract36085027900,0,0,0.002368652247157352,0.002773724163965818,0.005839444027172061,0.005839444027172061,0,0,0.005839444027172061,0.005839444027172061
Urban1:CensusTract36085017005,0,0,0.0023815791823923673,0.0028164550041885413,0.00569835325054684,0.00569835325054684,0,0,0.00569835325054684,0.00569835325054684
Urban1:CensusTract36103145901,0,0,0.0024099020976916696,0.0033052279873328873,0.013875092532386765,0.013875092532386765,0,0,0.013875092532386765,0.013875092532386765
Urban0:CensusTract36023970200,0,0,0.002411704286280639,0.0024402790644505895,0,0,0,0,0,0
Urban1:CensusTract36085017600,0,0,0.0024402788228083845,0.00287258528920968,0.006010903763102484,0.006010903763102484,0,0,0.006010903763102484,0.006010903763102484
Urban1:Year2019:CountyAlbany,0,0,0.00251414300193073,0.0037603273465672596,0.005125034158540616,0.005125034158540616,0,0,0.005125034158540616,0.005125034158540616
Urban1:CensusTract36029004001,0,0,0.0025501168408269964,0.002790961726435928,0.00607939655355268,0.00607939655355268,0,0,0.00607939655355268,0.00607939655355268
Urban1:CensusTract36103122405,0,0,0.0025732083133021516,0.00332425667875681,0.002860767325474756,0.002860767325474756,0,0,0.002860767325474756,0.002860767325474756
Urban1:CensusTract36001013802,0,0,0.0026084636600587578,0.004089393704895127,0.0014759582587055013,0.0014759582587055013,0,0,0.0014759582587055013,0.0014759582587055013
Urban1:CensusTract36001014614,0,0,0.0026591334244963722,0.0041503593816989235,0.0015454811725224061,0.0015454811725224061,0,0,0.0015454811725224061,0.0015454811725224061
Urban1:CensusTract36001014606,0,0,0.002673716552727557,0.004165288088514801,0.0021164475442470893,0.0021164475442470893,0,0,0.0021164475442470893,0.0021164475442470893
Urban1:CensusTract36065020102,0,0,0.002688382959904407,0.002933006950965375,0.007231111503480159,0.007231111503480159,0,0,0.007231111503480159,0.007231111503480159
Urban1:CensusTract36087013300,0,0,0.0027260001049849805,0.00352777424527766,0.0036287980712548427,0.0036287980712548427,0,0,0.0036287980712548427,0.0036287980712548427
Year2015:CensusTract36081091800,0,0,0.0027468662846565394,0.0032610282069519244,0.002968554546082021,0.002968554546082021,0,0,0.002968554546082021,0.002968554546082021
Urban1:CensusTract36087010503,0,0,0.0027878737875454257,0.003622061610902537,0.0040166689207714835,0.0040166689207714835,0,0,0.0040166689207714835,0.0040166689207714835
Urban1:CensusTract36089490900,0,0,0.0027960811028753508,0.0035584835280812158,0.003972432200035495,0.003972432200035495,0,0,0.003972432200035495,0.003972432200035495
Urban1:CensusTract36067006102,0,0,0.002890207547321406,0.0029786859974949417,0.006588100167792963,0.006588100167792963,0,0,0.006588100167792963,0.006588100167792963
Urban1:CountyRichmond,0,0,-0.002896934726928797,-0.0026504522045029855,-0.00219850045322635,-0.00219850045322635,0,0,-0.00219850045322635,-0.00219850045322635
Urban1:CensusTract36059981100,0,0,0.0029656553734743987,0.003272710404419323,0.003956007829513106,0.003956007829513106,0,0,0.003956007829513106,0.003956007829513106
Urban1:CensusTract36055006900,0,0,0.0030382604296305188,0.00328344197411699,0.008544733019780934,0.008544733019780934,0,0,0.008544733019780934,0.008544733019780934
Urban1:CensusTract36087012203,0,0,0.0030941730489660083,0.004104581825413856,0.005747725301659226,0.005747725301659226,0,0,0.005747725301659226,0.005747725301659226
Urban1:CensusTract36059300900,0,0,0.003195112734065066,0.0035945889100647307,0.0038734972593322966,0.0038734972593322966,0,0,0.0038734972593322966,0.0038734972593322966
Year2015:CensusTract36059982100,0,0,0.00320609584517379,0.00350231472782588,0.004762112291917734,0.004762112291917734,0,0,0.004762112291917734,0.004762112291917734
Urban1:CensusTract36059415802,0,0,0.0032343284328113005,0.003727985895555372,0.0037623163940143627,0.0037623163940143627,0,0,0.0037623163940143627,0.0037623163940143627
Urban1:CensusTract36059521400,0,0,0.0032616066112915567,0.003734742520449866,0.004033725910042052,0.004033725910042052,0,0,0.004033725910042052,0.004033725910042052
Urban1:CensusTract36059982100,0,0,0.0032642999342346267,0.003597254254206652,0.004652792831545102,0.004652792831545102,0,0,0.004652792831545102,0.004652792831545102
Urban1:CensusTract36059519702,0,0,0.0032723973394518284,0.0037232733925562037,0.0038374993496756568,0.0038374993496756568,0,0,0.0038374993496756568,0.0038374993496756568
Urban1:CensusTract36119013201,0,0,0.0032739239725334173,0.003697951047832395,0.002741052162131771,0.002741052162131771,0,0,0.002741052162131771,0.002741052162131771
Urban1:CensusTract36119012101,0,0,0.0033002100179155263,0.003721678289373126,0.002919908686104727,0.002919908686104727,0,0,0.002919908686104727,0.002919908686104727
Urban1:CensusTract36059520100,0,0,0.003303127342163019,0.0037742813209518805,0.004154854533344646,0.004154854533344646,0,0,0.004154854533344646,0.004154854533344646
Urban1:CensusTract36119014806,0,0,0.003309925893561561,0.003747418965963146,0.0031537768668143044,0.0031537768668143044,0,0,0.0031537768668143044,0.0031537768668143044
Urban1:CensusTract36119006900,0,0,0.0033467943234154153,0.003791504632888902,0.0031292799352581747,0.0031292799352581747,0,0,0.0031292799352581747,0.0031292799352581747
Urban1:CensusTract36063020200,0,0,0.0033543759897863633,0.003612702363205694,0.006909660086137613,0.006909660086137613,0,0,0.006909660086137613,0.006909660086137613
Urban1:CensusTract36059408300,0,0,0.003356808320206194,0.003835813594895315,0.0044984921689437615,0.0044984921689437615,0,0,0.0044984921689437615,0.0044984921689437615
Urban1:CensusTract36001013706,0,0,0.0033577363764397575,0.004852932483353229,0.0015537427683139926,0.0015537427683139926,0,0,0.0015537427683139926,0.0015537427683139926
Urban1:CensusTract36119013103,0,0,0.003363346306235201,0.003809333328403145,0.0032828426139604582,0.0032828426139604582,0,0,0.0032828426139604582,0.0032828426139604582
Urban1:CensusTract36119013900,0,0,0.0033738503625254973,0.0038262765688477697,0.0033986311044005464,0.0033986311044005464,0,0,0.0033986311044005464,0.0033986311044005464
Urban1:CensusTract36119012303,0,0,0.0033878037597452368,0.003853658633247959,0.003186473057274742,0.003186473057274742,0,0,0.003186473057274742,0.003186473057274742
Urban1:CensusTract36119012304,0,0,0.0033966521069500426,0.0038549077701611574,0.003236597481329802,0.003236597481329802,0,0,0.003236597481329802,0.003236597481329802
Urban1:CensusTract36059302000,0,0,0.0033986369217576776,0.0038631221553806984,0.00405565316136683,0.00405565316136683,0,0,0.00405565316136683,0.00405565316136683
Urban1:CensusTract36001014503,0,0,0.0034113333896211447,0.004899158887699366,0.0021225497051334656,0.0021225497051334656,0,0,0.0021225497051334656,0.0021225497051334656
Urban1:CensusTract36119008200,0,0,0.0034174915264187215,0.00390600732091806,0.0036539644713173046,0.0036539644713173046,0,0,0.0036539644713173046,0.0036539644713173046
Urban1:CensusTract36119010000,0,0,0.0034241564688383564,0.003896304704875534,0.003389637080912423,0.003389637080912423,0,0,0.003389637080912423,0.003389637080912423
Urban1:CensusTract36119009800,0,0,0.0034415705180773463,0.00391721800506587,0.003450757869621288,0.003450757869621288,0,0,0.003450757869621288,0.003450757869621288
Urban1:CensusTract36119012700,0,0,0.003447261790070163,0.003915107849317267,0.003544819058921864,0.003544819058921864,0,0,0.003544819058921864,0.003544819058921864
Urban1:CensusTract36119014907,0,0,0.0034528013854890696,0.003939260010711571,0.0036011684116273915,0.0036011684116273915,0,0,0.0036011684116273915,0.0036011684116273915
Urban1:CensusTract36001001802,0,0,0.003466755994808109,0.004875409596266989,0.0030851238383607063,0.0030851238383607063,0,0,0.0030851238383607063,0.0030851238383607063
Urban1:CensusTract36119012802,0,0,0.003587101889176791,0.0040700971023935086,0.0045573355419059195,0.0045573355419059195,0,0,0.0045573355419059195,0.0045573355419059195
Urban1:TractHUNV,-0.13641110520244584,-0.17574817460407885,-0.003618684990142496,-0.0011021253266712719,0,0,-0.12431435043959024,-0.13892620794868696,0,0
Urban1:CensusTract36059412600,0,0,0.0036287268654423568,0.004127851935781892,0.004749346849100317,0.004749346849100317,0,0,0.004749346849100317,0.004749346849100317
Urban1:CensusTract36059518201,0,0,0.003657830483049418,0.004146460066173414,0.004831645360717517,0.004831645360717517,0,0,0.004831645360717517,0.004831645360717517
Urban1:CensusTract36059415402,0,0,0.003721819905853278,0.004192502351176847,0.0049720437454316025,0.0049720437454316025,0,0,0.0049720437454316025,0.0049720437454316025
Urban1:CensusTract36059518400,0,0,0.0037441768009747753,0.004238700559631951,0.004695373983654523,0.004695373983654523,0,0,0.004695373983654523,0.004695373983654523
Urban1:CensusTract36059517701,0,0,0.0037447576696617553,0.004224897398334737,0.004494486514537531,0.004494486514537531,0,0,0.004494486514537531,0.004494486514537531
Urban1:CensusTract36059415700,0,0,0.00376660921932592,0.004254387157710993,0.004698068179733162,0.004698068179733162,0,0,0.004698068179733162,0.004698068179733162
Urban1:CensusTract36059517705,0,0,0.003785780064962793,0.00427726368161469,0.0052558604701733016,0.0052558604701733016,0,0,0.0052558604701733016,0.0052558604701733016
Urban1:CensusTract36059416100,0,0,0.0038008524608773063,0.004259825769347654,0.004561414293957637,0.004561414293957637,0,0,0.004561414293957637,0.004561414293957637
Urban1:CensusTract36059518203,0,0,0.0038513623561218474,0.004280330588640311,0.005049274508983016,0.005049274508983016,0,0,0.005049274508983016,0.005049274508983016
Urban1:CountyNassau,0.0063215947611437355,0.007723979595358637,-0.003853871144473841,-0.0036708374768054095,-0.004639292290189047,-0.004639292290189047,0.004619034011063848,0.004995252039501492,-0.004639292290189047,-0.004639292290189047
CensusTract36103124001,0,0,-0.003864716411768709,-0.03121891364848563,-0.06288143761547343,-0.06288143761547343,0,0,-0.06288143761547343,-0.06288143761547343
Urban1:CensusTract36087010703,0,0,0.0038736615714010125,0.005045428485587804,0.16518093141926557,0.16518093141926557,0,0,0.16518093141926557,0.16518093141926557
Urban1:CensusTract36059518501,0,0,0.003940270185893678,0.004396065008251808,0.0054326444265106605,0.0054326444265106605,0,0,0.0054326444265106605,0.0054326444265106605
Urban1:CensusTract36059300100,0,0,0.003940759054176337,0.004400645169666828,0.004855133183070291,0.004855133183070291,0,0,0.004855133183070291,0.004855133183070291
Urban1:CensusTract36059518300,0,0,0.004019107779239567,0.004503466358253089,0.005002616615139311,0.005002616615139311,0,0,0.005002616615139311,0.005002616615139311
Urban1:CensusTract36059416900,0,0,0.00405288943368452,0.004487436133200871,0.005215124842282448,0.005215124842282448,0,0,0.005215124842282448,0.005215124842282448
Urban1:CensusTract36059301000,0,0,0.0040847399282896235,0.004553856265688908,0.005361978726874407,0.005361978726874407,0,0,0.005361978726874407,0.005361978726874407
Urban1:CensusTract36059517801,0,0,0.004116451597539062,0.004580044971711974,0.005821037769044889,0.005821037769044889,0,0,0.005821037769044889,0.005821037769044889
Urban1:CensusTract36059413804,0,0,0.004118539543787577,0.004607043619436442,0.006758485097088897,0.006758485097088897,0,0,0.006758485097088897,0.006758485097088897
Urban1:CensusTract36059302502,0,0,0.0041258599055661975,0.004592727852123279,0.006542771742504969,0.006542771742504969,0,0,0.006542771742504969,0.006542771742504969
Urban1:CensusTract36119006802,0,0,0.004132027432243559,0.0045309880172170035,0.00295230926030546,0.00295230926030546,0,0,0.00295230926030546,0.00295230926030546
CensusTract36103147803,0,0,-0.0041697692463752625,-0.032078473553895634,-0.0641608349727786,-0.0641608349727786,0,0,-0.0641608349727786,-0.0641608349727786
Urban1:CensusTract36119005200,0,0,0.004229793824837864,0.0046654904404867656,0.0033545706966188198,0.0033545706966188198,0,0,0.0033545706966188198,0.0033545706966188198
Urban1:CensusTract36119014908,0,0,0.00423115284037403,0.004678478487395154,0.0033059233741234454,0.0033059233741234454,0,0,0.0033059233741234454,0.0033059233741234454
Urban1:CensusTract36119014809,0,0,0.004238350019805263,0.004670048203620694,0.0033356543271693415,0.0033356543271693415,0,0,0.0033356543271693415,0.0033356543271693415
Urban1:CensusTract36119014607,0,0,0.004278876054810859,0.004759044567776306,0.0034062471501686074,0.0034062471501686074,0,0,0.0034062471501686074,0.0034062471501686074
Urban1:CensusTract36119012600,0,0,0.004298453491145915,0.004761051373351909,0.0033829766116391735,0.0033829766116391735,0,0,0.0033829766116391735,0.0033829766116391735
Urban1:CensusTract36119014604,0,0,0.004311055309034914,0.00474687063720738,0.0037038117992981875,0.0037038117992981875,0,0,0.0037038117992981875,0.0037038117992981875
Urban1:CensusTract36119009900,0,0,0.004318002215964232,0.004802681798119996,0.00332958073643973,0.00332958073643973,0,0,0.00332958073643973,0.00332958073643973
Urban1:CensusTract36059414501,0,0,0.004321298582704938,0.004846073292916861,0.006873124394445403,0.006873124394445403,0,0,0.006873124394445403,0.006873124394445403
CensusTract36001014203,0,0,0.004324749670993157,0.0323595129379362,0.06899000527651442,0.06899000527651442,0,0,0.06899000527651442,0.06899000527651442
Urban1:CensusTract36059408100,0,0,0.004341062641182075,0.0048187834809324545,0.0060219622834907114,0.0060219622834907114,0,0,0.0060219622834907114,0.0060219622834907114
Urban1:CensusTract36001000401,0,0,0.004355237266454968,0.005714294269637312,0.0017373378581854745,0.0017373378581854745,0,0,0.0017373378581854745,0.0017373378581854745
Urban1:CensusTract36001013703,0,0,0.004371014226336789,0.005797090288090877,0.0011971826409299317,0.0011971826409299317,0,0,0.0011971826409299317,0.0011971826409299317
Urban1:CensusTract36103158705,0,0,0.004382286091845282,0.00558840765562699,0.01498931750055117,0.01498931750055117,0,0,0.01498931750055117,0.01498931750055117
Urban1:CensusTract36059416300,0,0,0.0043855366678475696,0.004805617961502559,0.006553298470431921,0.006553298470431921,0,0,0.006553298470431921,0.006553298470431921
Urban1:CensusTract36059517802,0,0,0.004415594194880455,0.004956004772722903,0.008106504665105076,0.008106504665105076,0,0,0.008106504665105076,0.008106504665105076
Urban1:CensusTract36001014611,0,0,0.0044611477889417595,0.0059431922857512195,0.001850734280932934,0.001850734280932934,0,0,0.001850734280932934,0.001850734280932934
CensusTract36001013705,0,0,-0.004474813384438747,-0.01957977207091164,-0.0341345115645719,-0.0341345115645719,0,0,-0.0341345115645719,-0.0341345115645719
Urban1:CensusTract36001014613,0,0,0.004512160777254014,0.005967124761275088,0.002080796489748271,0.002080796489748271,0,0,0.002080796489748271,0.002080796489748271
Urban1:CensusTract36059517000,0,0,0.004524557120437543,0.00496437074676011,0.007352950362772182,0.007352950362772182,0,0,0.007352950362772182,0.007352950362772182
Urban1:CensusTract36001014612,0,0,0.0046210515304673915,0.006103702479654232,0.008773765009576103,0.008773765009576103,0,0,0.008773765009576103,0.008773765009576103
Urban1:CensusTract36001013503,0,0,0.004631792300523356,0.006109824120858362,0.0025374586191265623,0.0025374586191265623,0,0,0.0025374586191265623,0.0025374586191265623
Urban1:CensusTract36059518000,0,0,0.004633821876603217,0.00512541912648005,0.008190285092911307,0.008190285092911307,0,0,0.008190285092911307,0.008190285092911307
Urban1:CensusTract36059517902,0,0,0.004635280164716908,0.005080386371463845,0.007844903374251451,0.007844903374251451,0,0,0.007844903374251451,0.007844903374251451
CensusTract36103147901,0,0,-0.004732552531937055,-0.03239271199521443,-0.06427866166570621,-0.06427866166570621,0,0,-0.06427866166570621,-0.06427866166570621
CensusTract36103159107,0,0,0.004774166823180497,0.021478589075337708,0.03830090512546282,0.03830090512546282,0,0,0.03830090512546282,0.03830090512546282
Urban1:CensusTract36059414502,0,0,0.004827847195171202,0.005305606458733182,0.009135416911645421,0.009135416911645421,0,0,0.009135416911645421,0.009135416911645421
Urban1:CensusTract36119013700,0,0,0.0049107841217656475,0.00530013157068745,0.003091369719441516,0.003091369719441516,0,0,0.003091369719441516,0.003091369719441516
Urban1:CensusTract36119012501,0,0,0.004964549238772428,0.00538668808335048,0.0036230407024855646,0.0036230407024855646,0,0,0.0036230407024855646,0.0036230407024855646
Urban1:CensusTract36119011700,0,0,0.004975214900803816,0.005450035995387599,0.003591183901346033,0.003591183901346033,0,0,0.003591183901346033,0.003591183901346033
CensusTract36087011303,0,0,0.005039057616554601,0.02462663372844003,0.04798298927942122,0.04798298927942122,0,0,0.04798298927942122,0.04798298927942122
Urban1:CensusTract36119008700,0,0,0.005073162581076627,0.005521889936296468,0.004179007747631767,0.004179007747631767,0,0,0.004179007747631767,0.004179007747631767
Urban1:CensusTract36001014609,0,0,0.005110230057405137,0.0065356043528852275,0.010161046390435528,0.010161046390435528,0,0,0.010161046390435528,0.010161046390435528
Urban0:CensusTract36077590400,0,0,0.0051802454755450955,0.005581347726968604,0,0,0,0,0,0
Urban0:CensusTract36077590700,0,0,0.005206186592474114,0.005617622882616234,0,0,0,0,0,0
Urban1:CensusTract36119009703,0,0,0.005251215933534984,0.005639905952782695,0.002697817428758667,0.002697817428758667,0,0,0.002697817428758667,0.002697817428758667
Urban1:CensusTract36119009701,0,0,0.005273872162345368,0.005687715818881223,0.002920405655750422,0.002920405655750422,0,0,0.002920405655750422,0.002920405655750422
Urban1:CensusTract36119014808,0,0,0.00533005681551294,0.005752078502766525,0.0034524696151572005,0.0034524696151572005,0,0,0.0034524696151572005,0.0034524696151572005
Urban1:CensusTract36119011902,0,0,0.005347095433458351,0.00576556470871344,0.0032382971437898275,0.0032382971437898275,0,0,0.0032382971437898275,0.0032382971437898275
CensusTract36055003100,0,0,-0.005350448147799322,-0.02615245675498812,-0.04755946029583651,-0.04755946029583651,0,0,-0.04755946029583651,-0.04755946029583651
Urban0:CensusTract36089492800,0,0,0.005355059289287225,0.006145625674399792,0,0,0,0,0,0
CensusTract36067016400,0,0,0.005379243846037954,0.0365001671852278,0.07253507383907265,0.07253507383907265,0,0,0.07253507383907265,0.07253507383907265
Urban0:CensusTract36089492600,0,0,0.005411100325616542,0.0061943032594334955,0,0,0,0,0,0
Urban1:CensusTract36119014810,0,0,0.005435961025591831,0.005755335670410592,0.0037858698021542014,0.0037858698021542014,0,0,0.0037858698021542014,0.0037858698021542014
Urban1:CensusTract36119014701,0,0,0.005546274127007068,0.006000546679406148,0.004432408854881542,0.004432408854881542,0,0,0.004432408854881542,0.004432408854881542
Urban0:Year2015:CensusTract36095740600,0,0,0.005688540481401189,0.005597840666594968,0,0,0,0,0,0
Urban1:CensusTract36119011101,0,0,0.005706102157934702,0.0061298938420039605,0.0030241717434550783,0.0030241717434550783,0,0,0.0030241717434550783,0.0030241717434550783
Urban0:CensusTract36089491800,0,0,0.005731318698814272,0.006565908205766796,0,0,0,0,0,0
Urban1:CensusTract36001000300,0,0,0.005741308060916512,0.007252902572583059,0.0034369468777441627,0.0034369468777441627,0,0,0.0034369468777441627,0.0034369468777441627
Urban1:CensusTract36119011102,0,0,0.005795038304962165,0.006213395739318553,0.0032476436275712473,0.0032476436275712473,0,0,0.0032476436275712473,0.0032476436275712473
Urban1:CensusTract36119010901,0,0,0.005799421674084679,0.006202688294476859,0.003069915154285256,0.003069915154285256,0,0,0.003069915154285256,0.003069915154285256
Urban1:CensusTract36119014000,0,0,0.005818951479118722,0.0062760048867546055,0.0033708421347874817,0.0033708421347874817,0,0,0.0033708421347874817,0.0033708421347874817
Year2015:CensusTract36059981100,0,0,0.005821194258222813,0.006903154090638554,0.010227453372597292,0.010227453372597292,0,0,0.010227453372597292,0.010227453372597292
Urban1:CensusTract36119014909,0,0,0.005826736967993252,0.00617621955926596,0.0030487207221276233,0.0030487207221276233,0,0,0.0030487207221276233,0.0030487207221276233
Urban1:CensusTract36119014903,0,0,0.0058326518576779516,0.006137921542175067,0.0029286484409967953,0.0029286484409967953,0,0,0.0029286484409967953,0.0029286484409967953
Urban1:CensusTract36119011000,0,0,0.005878170740716488,0.006353440150669817,0.0037843500667878627,0.0037843500667878627,0,0,0.0037843500667878627,0.0037843500667878627
Urban0:CensusTract36089492300,0,0,0.0059247497168546555,0.006680178255101049,0,0,0,0,0,0
Urban1:CensusTract36119009702,0,0,0.0059694020334439876,0.006355013553010492,0.0032929949718921493,0.0032929949718921493,0,0,0.0032929949718921493,0.0032929949718921493
CensusTract36071015100,0,0,-0.006005325382263311,-0.038171377294159564,-0.07540170461845545,-0.07540170461845545,0,0,-0.07540170461845545,-0.07540170461845545
Urban1:CensusTract36001000200,0,0,0.006047416978197134,0.007637967249007076,0.03506043605969808,0.03506043605969808,0,0,0.03506043605969808,0.03506043605969808
Urban0:CensusTract36089492900,0,0,0.00633939335086936,0.007132986057523457,0,0,0,0,0,0
Urban1:CensusTract36119013600,0,0,0.006530796788732769,0.007070014735833249,0.007221895410549442,0.007221895410549442,0,0,0.007221895410549442,0.007221895410549442
Urban0:CensusTract36077590100,0,0,0.007022284329935089,0.007410165017155071,0,0,0,0,0,0
Urban0:CensusTract36077591500,0,0,0.007092423156000788,0.007493297767332546,0,0,0,0,0,0
Urban0:CensusTract36077590600,0,0,0.007247887116451937,0.00763860500311078,0,0,0,0,0,0
CensusTract36055014400,0,0,-0.007795686444692844,-0.029569350438634425,-0.05196510255024372,-0.05196510255024372,0,0,-0.05196510255024372,-0.05196510255024372
Urban0:CensusTract36033950700,0,0,0.007883020311121505,0.010024322967578665,0,0,0,0,0,0
CensusTract36071002200,0,0,-0.008028158723943744,-0.038015238606565686,-0.07167949411303319,-0.07167949411303319,0,0,-0.07167949411303319,-0.07167949411303319
Urban0:CensusTract36033950200,0,0,0.008141865747016475,0.010312323873414927,0,0,0,0,0,0
Urban0:CensusTract36033950300,0,0,0.008167103120319047,0.010328556720056212,0,0,0,0,0,0
Urban0:CensusTract36049950100,0,0,0.008219285818093088,0.008419435985828115,0,0,0,0,0,0
Year2015:CensusTract36057070400,0,0,0.008286842506881144,0.0491370686561451,0.0947588824921955,0.0947588824921955,0,0,0.0947588824921955,0.0947588824921955
Urban0:CensusTract36049950200,0,0,0.008294520381122964,0.00850346628889241,0,0,0,0,0,0
Urban0:CensusTract36033950800,0,0,0.00832059756540844,0.010407396557712167,0,0,0,0,0,0
Urban0:CensusTract36049950700,0,0,0.00863046173529775,0.008831248871229111,0,0,0,0,0,0
CensusTract36055006000,0,0,-0.009100366471640585,-0.03149168726196654,-0.054699062966501504,-0.054699062966501504,0,0,-0.054699062966501504,-0.054699062966501504
Urban0:Year2015:CensusTract36095740700,0,0,0.009101152957913288,0.009010453143107805,0,0,0,0,0,0
Urban0:Year2015:CensusTract36095740800,0,0,0.009101152957913878,0.009010453143107363,0,0,0,0,0,0
CensusTract36043011200,0,0,0.00914446554639579,0.04011091123916787,0.07435618980194586,0.07435618980194586,0,0,0.07435618980194586,0.07435618980194586
CensusTract36103158110,0,0,0.009148403381120615,0.025479437327639742,0.04197916768309692,0.04197916768309692,0,0,0.04197916768309692,0.04197916768309692
CensusTract36103122404,0,0,0.009242661385678714,0.025612424556475864,0.04203400475022252,0.04203400475022252,0,0,0.04203400475022252,0.04203400475022252
CensusTract36035970600,0,0,0.009266688352461635,0.04096553217537208,0.07649517185226942,0.07649517185226942,0,0,0.07649517185226942,0.07649517185226942
Urban0:CensusTract36049950600,0,0,0.009621443313607413,0.00981075750111428,0,0,0,0,0,0
Urban1:Year2019:CountyOnondaga,0,0,0.009764012487587652,0.010928625001882407,0.011153385789403869,0.011153385789403869,0,0,0.011153385789403869,0.011153385789403869
CensusTract36103158203,0,0,-0.010021745805220078,-0.037497425861159346,-0.0693134043555974,-0.0693134043555974,0,0,-0.0693134043555974,-0.0693134043555974
CensusTract36103123301,0,0,-0.010552920940517496,-0.04285527376354862,-0.07974252915845509,-0.07974252915845509,0,0,-0.07974252915845509,-0.07974252915845509
CensusTract36103158507,0,0,-0.010715789639829634,-0.03911073079182358,-0.07194057982979905,-0.07194057982979905,0,0,-0.07194057982979905,-0.07194057982979905
CensusTract36015000300,0,0,0.01074113621093948,0.04661394295458365,0.08178068412770734,0.08178068412770734,0,0,0.08178068412770734,0.08178068412770734
CensusTract36029013701,0,0,0.011237977085396719,0.04261056788810759,0.078477900344573,0.078477900344573,0,0,0.078477900344573,0.078477900344573
CensusTract36029012902,0,0,0.011385944903179165,0.043335177859018574,0.07966238853372967,0.07966238853372967,0,0,0.07966238853372967,0.07966238853372967
CensusTract36103124401,0,0,-0.011888387193551795,-0.03993371275632625,-0.07251373577089813,-0.07251373577089813,0,0,-0.07251373577089813,-0.07251373577089813
CensusTract36087011000,0,0,0.011927833651466324,0.03342616614870956,0.05848768401598719,0.05848768401598719,0,0,0.05848768401598719,0.05848768401598719
CensusTract36029008002,0,0,-0.012166181187432377,-0.02511154304632171,-0.03823057276030019,-0.03823057276030019,0,0,-0.03823057276030019,-0.03823057276030019
Year2015:CensusTract36067012700,0,0,0.012178169918928037,0.05286880367163572,0.09912231469405958,0.09912231469405958,0,0,0.09912231469405958,0.09912231469405958
Urban1:CountyQueens,0,-2.9719062356831027e-5,-0.012245653671602469,-0.012310958458304325,0,0,0,0,0,0
Urban1:Year2019:CountySt. Lawrence,0,0,0.01246097551535287,0.02407535219734072,0.08052701834420718,0.08052701834420718,0,0,0.08052701834420718,0.08052701834420718
CensusTract36103135201,0,0,-0.012832555605466055,-0.04020927423734623,-0.07181334145664904,-0.07181334145664904,0,0,-0.07181334145664904,-0.07181334145664904
CensusTract36055013203,0,0,0.013275075334043826,0.036360629328723686,0.06361389942392871,0.06361389942392871,0,0,0.06361389942392871,0.06361389942392871
Year2019:CensusTract36047107000,0,0,0.013525340480454614,0.04672201058698475,0.0849720389031979,0.0849720389031979,0,0,0.0849720389031979,0.0849720389031979
CensusTract36089490100,0,0,0.013545025563560471,0.03790526427973642,0.10727083677305425,0.10727083677305425,0,0,0.10727083677305425,0.10727083677305425
CensusTract36103146703,0,0,0.013810619258499317,0.02844711587722331,0.04274825697655262,0.04274825697655262,0,0,0.04274825697655262,0.04274825697655262
CensusTract36001013506,0,0,0.014596527520065093,0.04249033839331302,0.0787822066659693,0.0787822066659693,0,0,0.0787822066659693,0.0787822066659693
Urban1:Year2019:HUNVFlag1,0,0,0.014864827639170812,0.014626328741348239,0.014127661264759749,0.014127661264759749,0,0,0.014127661264759749,0.014127661264759749
CensusTract36115088000,0,0,0.014889318079937666,0.04672198254915996,0.08164426745770831,0.08164426745770831,0,0,0.08164426745770831,0.08164426745770831
Urban1:TractSNAP,0,0,-0.014907037140934432,-0.01820342609913345,-0.019268776431780422,-0.019268776431780422,0,0,-0.019268776431780422,-0.019268776431780422
CensusTract36033951100,0,0,0.014918256186296016,0.04825215908084029,0.19969519312918121,0.19969519312918121,0,0,0.19969519312918121,0.19969519312918121
CensusTract36093032000,0,0,0.015086481133082584,0.04487134602843146,0.07965937275708272,0.07965937275708272,0,0,0.07965937275708272,0.07965937275708272
CensusTract36055014103,0,0,-0.01654037300509259,-0.037893095141437835,-0.0597339042139742,-0.0597339042139742,0,0,-0.0597339042139742,-0.0597339042139742
CensusTract36071000100,0,0,0.01673703979780819,0.028535204943238246,0.03994649349246901,0.03994649349246901,0,0,0.03994649349246901,0.03994649349246901
CensusTract36103158710,0,0,0.016861835010472507,0.03334944020614217,0.04976904970600576,0.04976904970600576,0,0,0.04976904970600576,0.04976904970600576
CensusTract36103158410,0,0,0.016995445638387445,0.03290504697480584,0.04828973404299248,0.04828973404299248,0,0,0.04828973404299248,0.04828973404299248
CensusTract36087011902,0,0,0.017135749820295976,0.03786685588088964,0.0615409670171474,0.0615409670171474,0,0,0.0615409670171474,0.0615409670171474
CensusTract36113070702,0,0,0.01726819582632983,0.04907178130592618,0.08551896459164211,0.08551896459164211,0,0,0.08551896459164211,0.08551896459164211
Year2019:CensusTract36001014615,0,0,0.017330584076225272,0.05377755273217328,0.09647632903431702,0.09647632903431702,0,0,0.09647632903431702,0.09647632903431702
CensusTract36103123002,0,0,-0.017331361946550106,-0.0458659515632041,-0.0790446690230558,-0.0790446690230558,0,0,-0.0790446690230558,-0.0790446690230558
CensusTract36103190706,0,0,0.017335314441094665,0.03349712216652177,0.04918111204861225,0.04918111204861225,0,0,0.04918111204861225,0.04918111204861225
CensusTract36103111504,0,0,0.01748363248525577,0.03466193004610201,0.051810525297810106,0.051810525297810106,0,0,0.051810525297810106,0.051810525297810106
CensusTract36103158322,0,0,0.017585367019932078,0.03340307082937522,0.049528626186115136,0.049528626186115136,0,0,0.049528626186115136,0.049528626186115136
CensusTract36103158205,0,0,-0.017853305409735284,-0.045061302203591426,-0.07661885175509145,-0.07661885175509145,0,0,-0.07661885175509145,-0.07661885175509145
CensusTract36103123900,0,0,-0.017863501242095743,-0.04567900069105887,-0.07799910673692068,-0.07799910673692068,0,0,-0.07799910673692068,-0.07799910673692068
CensusTract36103190603,0,0,0.017871629380993678,0.03445211194685093,0.04922052033890184,0.04922052033890184,0,0,0.04922052033890184,0.04922052033890184
CensusTract36119013104,0,0,0.017960855476549083,0.051210634886204975,0.08978051618603505,0.08978051618603505,0,0,0.08978051618603505,0.08978051618603505
Year2019:CensusTract36029016300,0,0,0.018162795346408647,0.058823571451267154,0.10530013408211435,0.10530013408211435,0,0,0.10530013408211435,0.10530013408211435
CensusTract36103158111,0,0,0.01864567260057396,0.0353837730754893,0.051582560166735375,0.051582560166735375,0,0,0.051582560166735375,0.051582560166735375
CensusTract36071010400,0,0,-0.018871850122771382,-0.049018639129591174,-0.08290984564300483,-0.08290984564300483,0,0,-0.08290984564300483,-0.08290984564300483
Urban1:Year2019:CountyDelaware,0,0,0.01889429108693218,0.03620794822797412,0.05058506718975517,0.05058506718975517,0,0,0.05058506718975517,0.05058506718975517
CensusTract36103159406,0,0,0.018956427292549823,0.03525719476451124,0.05111667722796004,0.05111667722796004,0,0,0.05111667722796004,0.05111667722796004
CensusTract36071000300,0,0,-0.01912664995843508,-0.052452854374705815,-0.09044535421517837,-0.09044535421517837,0,0,-0.09044535421517837,-0.09044535421517837
CensusTract36029013201,0,0,0.019382392920391074,0.05077137698433723,0.08664481153603902,0.08664481153603902,0,0,0.08664481153603902,0.08664481153603902
CensusTract36067015400,0,0,0.019927969764730522,0.05084154573144371,0.08641070651873203,0.08641070651873203,0,0,0.08641070651873203,0.08641070651873203
CountyAlbany,0,0,0.019939026967593348,0.019349181453772287,0,0,0,0,0,0
CensusTract36095740200,0,0,0.020011639335311516,0.05575951151715463,0.16417870641385499,0.16417870641385499,0,0,0.16417870641385499,0.16417870641385499
CensusTract36103146402,0,0,-0.02034846257620001,-0.0483838539356502,-0.08089031335600015,-0.08089031335600015,0,0,-0.08089031335600015,-0.08089031335600015
CensusTract36103190504,0,0,0.02059477677371944,0.03708540049443477,0.05412001819144607,0.05412001819144607,0,0,0.05412001819144607,0.05412001819144607
CensusTract36009961000,0,0,0.020790726944522404,0.05347019905937531,0.09042426865049315,0.09042426865049315,0,0,0.09042426865049315,0.09042426865049315
CensusTract36029010807,0,0,0.021012621384051373,0.05270972362358351,0.088743085646251,0.088743085646251,0,0,0.088743085646251,0.088743085646251
CensusTract36103147503,0,0,0.021056672901997992,0.038333374247758005,0.05612295688922898,0.05612295688922898,0,0,0.05612295688922898,0.05612295688922898
CensusTract36087010501,0,0,-0.02119737254147397,-0.04481988772736208,-0.07055689978056262,-0.07055689978056262,0,0,-0.07055689978056262,-0.07055689978056262
CensusTract36103158206,0,0,0.02125394041031765,0.03788047816558199,0.05429971536691423,0.05429971536691423,0,0,0.05429971536691423,0.05429971536691423
CensusTract36087010804,0,0,-0.021519626324844984,-0.04455883587681067,-0.06959243579236195,-0.06959243579236195,0,0,-0.06959243579236195,-0.06959243579236195
CensusTract36029009113,0,0,0.02156971798488843,0.0517203795230585,0.08640026653996358,0.08640026653996358,0,0,0.08640026653996358,0.08640026653996358
Urban1:CountyGenesee,0,0,-0.021812334224563332,-0.02514111158957761,-0.02821955542293852,-0.02821955542293852,0,0,-0.02821955542293852,-0.02821955542293852
CensusTract36083052301,0,0,0.021950073584675434,0.04612451298027213,0.07568284957515749,0.07568284957515749,0,0,0.07568284957515749,0.07568284957515749
CensusTract36103110801,0,0,0.022295172456557898,0.039446808169791875,0.057136994385655795,0.057136994385655795,0,0,0.057136994385655795,0.057136994385655795
CensusTract36015011100,0,0,0.023192892658294394,0.05410947383543191,0.08870162773696186,0.08870162773696186,0,0,0.08870162773696186,0.08870162773696186
CensusTract36103159408,0,0,0.023323541287264243,0.03983325479884886,0.05570668287495094,0.05570668287495094,0,0,0.05570668287495094,0.05570668287495094
Year2015:CensusTract36059409100,0,0,0.023406300048939375,0.06238697797225654,0.10597030470407603,0.10597030470407603,0,0,0.10597030470407603,0.10597030470407603
CensusTract36071013202,0,0,-0.02385384362128738,-0.05285219076536841,-0.08570599262145029,-0.08570599262145029,0,0,-0.08570599262145029,-0.08570599262145029
CensusTract36093032101,0,0,0.02400555197667623,0.053898298967293416,0.08894528122178985,0.08894528122178985,0,0,0.08894528122178985,0.08894528122178985
CensusTract36071011601,0,0,0.024210693911920718,0.039029083553855766,0.05399430213572679,0.05399430213572679,0,0,0.05399430213572679,0.05399430213572679
Urban1:Year2015:PCTGQTRS,0.028259195702992186,0.07125107580023385,0.02429320974817176,0.022382460834843874,0.025415411092156368,0.025415411092156368,0.037360381802651214,0.060595522098078704,0.025415411092156368,0.025415411092156368
CensusTract36065026600,0,0,0.024507499649087702,0.060416939620890335,0.0964550040230404,0.0964550040230404,0,0,0.0964550040230404,0.0964550040230404
Urban1:Year2015:CountySchenectady,0,0,0.024745684648926115,0.024827318277336623,0.0240464012262249,0.0240464012262249,0,0,0.0240464012262249,0.0240464012262249
CensusTract36055010300,0,0,-0.024783842209216787,-0.04556320309061544,-0.06681632777242551,-0.06681632777242551,0,0,-0.06681632777242551,-0.06681632777242551
CensusTract36103124601,0,0,-0.02478387420782008,-0.052319634951771346,-0.0840207381047829,-0.0840207381047829,0,0,-0.0840207381047829,-0.0840207381047829
CensusTract36103146706,0,0,-0.024844024311525416,-0.05228666967002323,-0.08414940861059649,-0.08414940861059649,0,0,-0.08414940861059649,-0.08414940861059649
CensusTract36055010400,0,0,-0.025495946411902948,-0.04699411714526194,-0.06928313773598468,-0.06928313773598468,0,0,-0.06928313773598468,-0.06928313773598468
CensusTract36109001300,0,0,0.025556585399845327,0.04435279872249924,0.06411186596654594,0.06411186596654594,0,0,0.06411186596654594,0.06411186596654594
CensusTract36015010300,0,0,0.026789165702826096,0.0574208679517708,0.09197585088422222,0.09197585088422222,0,0,0.09197585088422222,0.09197585088422222
CensusTract36103147701,0,0,-0.026853288954691072,-0.05417253887483582,-0.08611290565833978,-0.08611290565833978,0,0,-0.08611290565833978,-0.08611290565833978
CensusTract36103158606,0,0,-0.027123251284414052,-0.05502001289500783,-0.0874303205400417,-0.0874303205400417,0,0,-0.0874303205400417,-0.0874303205400417
CensusTract36087011101,0,0,-0.027186121808459553,-0.05104912386647412,-0.07683781769041562,-0.07683781769041562,0,0,-0.07683781769041562,-0.07683781769041562
CensusTract36103190604,0,0,0.027333955345173345,0.043437793406540255,0.05886127307024541,0.05886127307024541,0,0,0.05886127307024541,0.05886127307024541
CensusTract36067011500,0,0,0.02772764954145784,0.0589020548768659,0.09432378363391193,0.09432378363391193,0,0,0.09432378363391193,0.09432378363391193
CensusTract36087011700,0,0,0.02812018056310371,0.049132004530054084,0.07455612010526787,0.07455612010526787,0,0,0.07455612010526787,0.07455612010526787
CensusTract36029017300,0,0,0.02824011212112768,0.059048892181627094,0.09369114115121034,0.09369114115121034,0,0,0.09369114115121034,0.09369114115121034
CensusTract36071010300,0,0,-0.02827280142488918,-0.05837612895058315,-0.09240884498230238,-0.09240884498230238,0,0,-0.09240884498230238,-0.09240884498230238
CensusTract36055015301,0,0,0.02876760588188457,0.05103449854713375,0.07468292784015641,0.07468292784015641,0,0,0.07468292784015641,0.07468292784015641
CensusTract36065025002,0,0,0.029073048752677473,0.06109520842245218,0.09735793136579633,0.09735793136579633,0,0,0.09735793136579633,0.09735793136579633
CensusTract36087012501,0,0,-0.029076859474166283,-0.05039845760020686,-0.07322525982418579,-0.07322525982418579,0,0,-0.07322525982418579,-0.07322525982418579
CensusTract36087010803,0,0,-0.029356225663260162,-0.05280098105638293,-0.07781662433249366,-0.07781662433249366,0,0,-0.07781662433249366,-0.07781662433249366
CensusTract36029008101,0,0,-0.029437160160111366,-0.04241864875748306,-0.055662997419703486,-0.055662997419703486,0,0,-0.055662997419703486,-0.055662997419703486
CensusTract36103146613,0,0,-0.029721683631419905,-0.056953950988317806,-0.08855174569582275,-0.08855174569582275,0,0,-0.08855174569582275,-0.08855174569582275
CensusTract36103158505,0,0,-0.030533442452149406,-0.058507624557976874,-0.09063640517957615,-0.09063640517957615,0,0,-0.09063640517957615,-0.09063640517957615
CensusTract36103122801,0,0,-0.03057533296563776,-0.06086748998773481,-0.09569152730621812,-0.09569152730621812,0,0,-0.09569152730621812,-0.09569152730621812
CensusTract36001013508,0,0,0.0307689385575829,0.058761681919950945,0.09545352197530968,0.09545352197530968,0,0,0.09545352197530968,0.09545352197530968
CensusTract36055015102,0,0,0.031210617932065077,0.05475335576215141,0.081690457649245,0.081690457649245,0,0,0.081690457649245,0.081690457649245
CensusTract36103146103,0,0,-0.03131393837731164,-0.06005862169968331,-0.09330062388489323,-0.09330062388489323,0,0,-0.09330062388489323,-0.09330062388489323
CensusTract36103111804,0,0,-0.03137473989618143,-0.058654776299636974,-0.09007120655413994,-0.09007120655413994,0,0,-0.09007120655413994,-0.09007120655413994
CensusTract36103158114,0,0,-0.03143350367300873,-0.059032532826136325,-0.0908803652723827,-0.0908803652723827,0,0,-0.0908803652723827,-0.0908803652723827
CensusTract36029008001,0,0,0.031714011745069326,0.06276095584676344,0.09789681828771472,0.09789681828771472,0,0,0.09789681828771472,0.09789681828771472
CensusTract36071011602,0,0,0.03209979851429969,0.04682643228691272,0.06178772854913716,0.06178772854913716,0,0,0.06178772854913716,0.06178772854913716
Urban0:LowIncomeTracts0,0,0,-0.032118946973303045,-0.03173645136524212,0,0,0,0,0,0
CensusTract36103135005,0,0,-0.03246286288377509,-0.060063913319251414,-0.09230929813681908,-0.09230929813681908,0,0,-0.09230929813681908,-0.09230929813681908
CensusTract36103135301,0,0,-0.03307187493056695,-0.06068341623739639,-0.0925113580951577,-0.0925113580951577,0,0,-0.0925113580951577,-0.0925113580951577
CensusTract36119007600,0,0,0.033826054265148335,0.06712448159704508,0.10622160839813716,0.10622160839813716,0,0,0.10622160839813716,0.10622160839813716
CensusTract36029000600,0,0,0.03436710700653332,0.06637515439295405,0.10232414536253694,0.10232414536253694,0,0,0.10232414536253694,0.10232414536253694
Year2019:CensusTract36007001600,0,0,0.03494017792903206,0.07593053988510769,0.12231320773985527,0.12231320773985527,0,0,0.12231320773985527,0.12231320773985527
CensusTract36067011242,0,0,0.03497878426828771,0.06466829916504252,0.09918630164004764,0.09918630164004764,0,0,0.09918630164004764,0.09918630164004764
CensusTract36103134903,0,0,-0.03508222995109926,-0.06180232427542204,-0.09263186428015942,-0.09263186428015942,0,0,-0.09263186428015942,-0.09263186428015942
CensusTract36103146705,0,0,-0.035150781479013,-0.062275544760567215,-0.09352895874014056,-0.09352895874014056,0,0,-0.09352895874014056,-0.09352895874014056
CensusTract36087013001,0,0,0.03553163425512512,0.05610128570666022,0.08039412196253963,0.08039412196253963,0,0,0.08039412196253963,0.08039412196253963
CensusTract36103158604,0,0,-0.03606206416852275,-0.06362360420278561,-0.09560694925822733,-0.09560694925822733,0,0,-0.09560694925822733,-0.09560694925822733
CensusTract36119011800,0,0,0.03614922537654715,0.06905028481831636,0.10728969242074213,0.10728969242074213,0,0,0.10728969242074213,0.10728969242074213
CensusTract36055011203,0,0,0.036470105989108575,0.05975304418676436,0.08713841549397323,0.08713841549397323,0,0,0.08713841549397323,0.08713841549397323
CensusTract36029008600,0,0,-0.03683477766139886,-0.050062108941631746,-0.06326662935908157,-0.06326662935908157,0,0,-0.06326662935908157,-0.06326662935908157
CensusTract36103158607,0,0,0.03684699632338822,0.05366569475463265,0.07003848725832354,0.07003848725832354,0,0,0.07003848725832354,0.07003848725832354
Year2015:CensusTract36043010201,0,0,0.036975084039420174,0.07758548610020159,0.12329290476667598,0.12329290476667598,0,0,0.12329290476667598,0.12329290476667598
Year2019:CensusTract36067012200,0,0,0.037357333995508786,0.0761840699349498,0.12216204884414061,0.12216204884414061,0,0,0.12216204884414061,0.12216204884414061
CensusTract36091061200,0,0,-0.03751655053703907,-0.06715405060995695,-0.10004638991172256,-0.10004638991172256,0,0,-0.10004638991172256,-0.10004638991172256
CensusTract36103122603,0,0,-0.03766363297854976,-0.0661964978758446,-0.09924774085075011,-0.09924774085075011,0,0,-0.09924774085075011,-0.09924774085075011
CensusTract36055011605,0,0,0.03767208482973591,0.061378842080506646,0.08868419259239141,0.08868419259239141,0,0,0.08868419259239141,0.08868419259239141
CensusTract36071014101,0,0,-0.03769969466852245,-0.06730423127574209,-0.10077117401362393,-0.10077117401362393,0,0,-0.10077117401362393,-0.10077117401362393
CensusTract36055015304,0,0,0.037901395916189975,0.06136936602991301,0.08843032249195476,0.08843032249195476,0,0,0.08843032249195476,0.08843032249195476
CensusTract36091061100,0,0,-0.03804989525282007,-0.06710709262812187,-0.09911863661498244,-0.09911863661498244,0,0,-0.09911863661498244,-0.09911863661498244
CensusTract36055003700,0,0,0.03859725491930221,0.06199062578525639,0.08877740920047558,0.08877740920047558,0,0,0.08877740920047558,0.08877740920047558
CensusTract36103122707,0,0,0.03893661841107103,0.05546158803303621,0.0712458478275319,0.0712458478275319,0,0,0.0712458478275319,0.0712458478275319
CensusTract36103158711,0,0,0.039257332379590865,0.054629925788755564,0.06917956824793427,0.06917956824793427,0,0,0.06917956824793427,0.06917956824793427
Urban1:LowIncomeTracts0,0.09498793469020245,0.09119744711510135,0.039286894632067464,0.037872111811755066,0.03594484381116682,0.03594484381116682,0.08352610956608492,0.07795905702475404,0.03594484381116682,0.03594484381116682
Year2015:CensusTract36093020200,0,0,0.03944024141469015,0.07876456321311491,0.12432459007013731,0.12432459007013731,0,0,0.12432459007013731,0.12432459007013731
CensusTract36065025400,0,0,0.03944981031860512,0.07014124272074403,0.10472144977656987,0.10472144977656987,0,0,0.10472144977656987,0.10472144977656987
CensusTract36029013300,0,0,-0.03950327407719862,-0.05172896095863427,-0.06398464256345997,-0.06398464256345997,0,0,-0.06398464256345997,-0.06398464256345997
CensusTract36075021603,0,0,0.039920749595160496,0.07270477039680474,0.10937426423438949,0.10937426423438949,0,0,0.10937426423438949,0.10937426423438949
CountyBronx,-0.1633922210632518,-0.1501631846540155,-0.040044601596257126,-0.03579882921127317,0,0,-0.10607013330857425,-0.09399261289275307,0,0
CensusTract36103111701,0,0,-0.040470332199536024,-0.06843285192058897,-0.10064215032394548,-0.10064215032394548,0,0,-0.10064215032394548,-0.10064215032394548
CensusTract36103124402,0,0,-0.04047626724654745,-0.06834000673082967,-0.10057878171630105,-0.10057878171630105,0,0,-0.10057878171630105,-0.10057878171630105
CensusTract36103111803,0,0,-0.04115837609274703,-0.06898453905156314,-0.10078092899706098,-0.10078092899706098,0,0,-0.10078092899706098,-0.10078092899706098
Urban1:TractSeniors,0.07520501737460547,0.09797745131660536,0.04143983994939191,0.04182609936402672,0.042246843960993756,0.042246843960993756,0.06356119611126029,0.08457270768447735,0.042246843960993756,0.042246843960993756
CensusTract36103111503,0,0,0.04156035156883326,0.05807155119357962,0.073754995401174,0.073754995401174,0,0,0.073754995401174,0.073754995401174
CensusTract36067010322,0,0,0.041580033650562516,0.07249987689863444,0.10795735361193196,0.10795735361193196,0,0,0.10795735361193196,0.10795735361193196
CensusTract36103111602,0,0,-0.04243534833441151,-0.06985815511621626,-0.10149717472584312,-0.10149717472584312,0,0,-0.10149717472584312,-0.10149717472584312
Year2019:CensusTract36029004100,0,0,0.0424790133099347,0.07860777642195421,0.12013590912071279,0.12013590912071279,0,0,0.12013590912071279,0.12013590912071279
CensusTract36103111402,0,0,-0.04283800076547725,-0.07123092480522082,-0.10396878313532651,-0.10396878313532651,0,0,-0.10396878313532651,-0.10396878313532651
CensusTract36065025300,0,0,0.043104228495381494,0.07362120072503349,0.1082593398601596,0.1082593398601596,0,0,0.1082593398601596,0.1082593398601596
CensusTract36029008900,0,0,0.043160011914389784,0.07447792639281896,0.11013725737244288,0.11013725737244288,0,0,0.11013725737244288,0.11013725737244288
CensusTract36001014608,0,0,0.0432986708592979,0.07106529966909776,0.10632202759259556,0.10632202759259556,0,0,0.10632202759259556,0.10632202759259556
CensusTract36025970600,0,0,0.043777577266664675,0.05953305857462922,0.07901995477087018,0.07901995477087018,0,0,0.07901995477087018,0.07901995477087018
CensusTract36067015202,0,0,0.04394825745770444,0.07445256445767111,0.10949295428065586,0.10949295428065586,0,0,0.10949295428065586,0.10949295428065586
CensusTract36103111601,0,0,-0.04498896629488575,-0.07235747362659899,-0.10396393989192435,-0.10396393989192435,0,0,-0.10396393989192435,-0.10396393989192435
CensusTract36027220901,0,0,-0.0452835182942845,-0.08356081999167682,-0.12589352421093258,-0.12589352421093258,0,0,-0.12589352421093258,-0.12589352421093258
CensusTract36103111401,0,0,0.04528567313945553,0.06151071727961217,0.0779951575118894,0.0779951575118894,0,0,0.0779951575118894,0.0779951575118894
CensusTract36103158609,0,0,-0.04540344360817533,-0.07331687481272806,-0.10561492968445299,-0.10561492968445299,0,0,-0.10561492968445299,-0.10561492968445299
CensusTract36113070900,0,0,0.04557538483239356,0.07665957742391745,0.11190266830467599,0.11190266830467599,0,0,0.11190266830467599,0.11190266830467599
CensusTract36067013701,0,0,0.04558405323542014,0.07578678941438276,0.11018762406905468,0.11018762406905468,0,0,0.11018762406905468,0.11018762406905468
CensusTract36035971300,0,0,0.046120292582929344,0.07830299847455861,0.11390985975272491,0.11390985975272491,0,0,0.11390985975272491,0.11390985975272491
CensusTract36103190402,0,0,0.046587429023737525,0.06300809344278467,0.07961733810557653,0.07961733810557653,0,0,0.07961733810557653,0.07961733810557653
CensusTract36103122901,0,0,-0.046640022203389545,-0.07487542572347539,-0.10735390116224595,-0.10735390116224595,0,0,-0.10735390116224595,-0.10735390116224595
CensusTract36029009008,0,0,-0.04668293841667815,-0.060829984064275186,-0.07519185352753006,-0.07519185352753006,0,0,-0.07519185352753006,-0.07519185352753006
CensusTract36103122601,0,0,-0.046711303849694984,-0.07582445049524136,-0.10943268563150811,-0.10943268563150811,0,0,-0.10943268563150811,-0.10943268563150811
CensusTract36119007700,0,0,0.04693806735245013,0.08016951054554973,0.11912471721386624,0.11912471721386624,0,0,0.11912471721386624,0.11912471721386624
Urban1:CountyKings,-0.14145590111786585,-0.18638561608474513,-0.0469458038282107,-0.04799229979112867,-0.08739271407711881,-0.08739271407711881,-0.23392389538416783,-0.2637827000391177,-0.08739271407711881,-0.08739271407711881
CensusTract36103147802,0,0,-0.046992540512331316,-0.07476142945372256,-0.10658151795733803,-0.10658151795733803,0,0,-0.10658151795733803,-0.10658151795733803
CensusTract36029013202,0,0,0.0470868887022427,0.0781178124378131,0.1133132477364686,0.1133132477364686,0,0,0.1133132477364686,0.1133132477364686
CensusTract36055014204,0,0,0.04765572450602772,0.07054894721475727,0.09670743394118164,0.09670743394118164,0,0,0.09670743394118164,0.09670743394118164
CensusTract36029010804,0,0,0.04785104377248844,0.0796851959443068,0.11556211359705088,0.11556211359705088,0,0,0.11556211359705088,0.11556211359705088
CensusTract36103158605,0,0,-0.048043259784029485,-0.07602665584584181,-0.10821609582747455,-0.10821609582747455,0,0,-0.10821609582747455,-0.10821609582747455
CensusTract36103158315,0,0,0.04807704308816781,0.06400261901905255,0.07901342009597093,0.07901342009597093,0,0,0.07901342009597093,0.07901342009597093
CensusTract36103147602,0,0,-0.048217532853880016,-0.0759887100747561,-0.10791043936040977,-0.10791043936040977,0,0,-0.10791043936040977,-0.10791043936040977
CensusTract36083051902,0,0,0.04840138321226178,0.07295984854084163,0.10266322805220203,0.10266322805220203,0,0,0.10266322805220203,0.10266322805220203
CensusTract36103147401,0,0,-0.04852077366655441,-0.07733071220333622,-0.11059748793672543,-0.11059748793672543,0,0,-0.11059748793672543,-0.11059748793672543
Year2019:CensusTract36001000100,0,0,0.0498461114852665,0.0859866526084234,0.12768110521284842,0.12768110521284842,0,0,0.12768110521284842,0.12768110521284842
CensusTract36103124500,0,0,-0.0501690677852411,-0.07820535503487148,-0.11047705411919444,-0.11047705411919444,0,0,-0.11047705411919444,-0.11047705411919444
Urban1:CensusTract36055011100,0,0,0.05032651376254775,0.07403748526613042,0.002620487766454931,0.002620487766454931,0,0,0.002620487766454931,0.002620487766454931
CensusTract36103158509,0,0,-0.0504158088066665,-0.07812366072978601,-0.11021103700870546,-0.11021103700870546,0,0,-0.11021103700870546,-0.11021103700870546
CensusTract36103123001,0,0,-0.051148932551951624,-0.07937295622206428,-0.11207315403507154,-0.11207315403507154,0,0,-0.11207315403507154,-0.11207315403507154
CensusTract36055010901,0,0,-0.05119986463690235,-0.07403856586783106,-0.0985913284793265,-0.0985913284793265,0,0,-0.0985913284793265,-0.0985913284793265
CensusTract36103124300,0,0,-0.0515937571249041,-0.08003156178907359,-0.11281851706835617,-0.11281851706835617,0,0,-0.11281851706835617,-0.11281851706835617
Year2019:CensusTract36067005900,0,0,0.05167315253525613,0.08765310472276859,0.13166587358252604,0.13166587358252604,0,0,0.13166587358252604,0.13166587358252604
CensusTract36029007304,0,0,0.05202405624215774,0.08276348135713296,0.11765124651678825,0.11765124651678825,0,0,0.11765124651678825,0.11765124651678825
CensusTract36071000400,0,0,0.05203886492848477,0.06356886200883952,0.07407068459296201,0.07407068459296201,0,0,0.07407068459296201,0.07407068459296201
CensusTract36103158707,0,0,0.05215486629089439,0.06911219915751841,0.08571398368277734,0.08571398368277734,0,0,0.08571398368277734,0.08571398368277734
Urban1:CountyOtsego,0,0,0.05269008883545449,0.08824917497660911,0.3368984618098871,0.3368984618098871,0,0,0.3368984618098871,0.3368984618098871
CensusTract36037950400,0,0,0.052724843459654794,0.08648315698197168,0.12349233123563455,0.12349233123563455,0,0,0.12349233123563455,0.12349233123563455
CensusTract36029010808,0,0,0.05292826847542531,0.08396673220631991,0.11911944727218837,0.11911944727218837,0,0,0.11911944727218837,0.11911944727218837
CensusTract36063022200,0,0,0.054142480374751986,0.08543448079321754,0.1210873906260047,0.1210873906260047,0,0,0.1210873906260047,0.1210873906260047
CensusTract36119012000,0,0,0.05464574525152344,0.08813574500029629,0.12705853748471624,0.12705853748471624,0,0,0.12705853748471624,0.12705853748471624
CensusTract36067015000,0,0,0.05504044657346523,0.0855022551857701,0.12058949744342375,0.12058949744342375,0,0,0.12058949744342375,0.12058949744342375
CensusTract36065021601,0,0,0.05506823487735271,0.08624251285443234,0.12063129412630032,0.12063129412630032,0,0,0.12063129412630032,0.12063129412630032
CensusTract36029014603,0,0,0.05507513200616883,0.08565251343082365,0.12045457928701103,0.12045457928701103,0,0,0.12045457928701103,0.12045457928701103
CensusTract36001014614,0,0,0.05517764240177312,0.0826837827449339,0.11973129024224105,0.11973129024224105,0,0,0.11973129024224105,0.11973129024224105
CensusTract36069050202,0,0,0.055370247949502384,0.08655104763845044,0.12151505156722776,0.12151505156722776,0,0,0.12151505156722776,0.12151505156722776
Year2019:CensusTract36067005500,0,0,0.055409280760249834,0.09199935170487437,0.1369331697891551,0.1369331697891551,0,0,0.1369331697891551,0.1369331697891551
Year2015:CensusTract36057070200,0,0,0.0556475255894151,0.09606327331109167,0.14049593105114322,0.14049593105114322,0,0,0.14049593105114322,0.14049593105114322
CensusTract36043010300,0,0,0.05691049065168552,0.08851998256359694,0.12379115332594529,0.12379115332594529,0,0,0.12379115332594529,0.12379115332594529
CensusTract36103159000,0,0,-0.05706354288462882,-0.08466638561363768,-0.11703200455169024,-0.11703200455169024,0,0,-0.11703200455169024,-0.11703200455169024
CensusTract36103158103,0,0,-0.05838912550827382,-0.08600160344406549,-0.1179451979031436,-0.1179451979031436,0,0,-0.1179451979031436,-0.1179451979031436
CensusTract36039080700,0,0,0.058604234593257025,0.09120791223359861,0.1273393363298267,0.1273393363298267,0,0,0.1273393363298267,0.1273393363298267
Urban1:CountyBronx,-0.12765358479645486,-0.1802202056077052,-0.05870801415889231,-0.060585733378420575,-0.09425951549104905,-0.09425951549104905,-0.2091979228452852,-0.2453422163585404,-0.09425951549104905,-0.09425951549104905
CensusTract36103158511,0,0,-0.05872958630321046,-0.08681303807258565,-0.11926686199077069,-0.11926686199077069,0,0,-0.11926686199077069,-0.11926686199077069
CensusTract36119007500,0,0,-0.05889755788824423,-0.06909892862161611,-0.078693966834343,-0.078693966834343,0,0,-0.078693966834343,-0.078693966834343
CensusTract36103190708,0,0,0.05900967626100558,0.07597654973546294,0.09300045691546732,0.09300045691546732,0,0,0.09300045691546732,0.09300045691546732
CensusTract36091062100,0,0,0.05905009343173738,0.07524075532035976,0.09117922694459947,0.09117922694459947,0,0,0.09117922694459947,0.09117922694459947
CensusTract36055014503,0,0,0.059090589574259146,0.082440608332092,0.10868445454085428,0.10868445454085428,0,0,0.10868445454085428,0.10868445454085428
CensusTract36063023405,0,0,0.05913840082416725,0.09116128433759135,0.12660249306561228,0.12660249306561228,0,0,0.12660249306561228,0.12660249306561228
CensusTract36055011604,0,0,0.059216286606369226,0.08214305443281915,0.10885314673791942,0.10885314673791942,0,0,0.10885314673791942,0.10885314673791942
CensusTract36001013802,0,0,0.059347102890956,0.08746851200914955,0.12499115472661843,0.12499115472661843,0,0,0.12499115472661843,0.12499115472661843
CensusTract36029009010,0,0,0.05936678714344261,0.09014562972700464,0.12460896683180268,0.12460896683180268,0,0,0.12460896683180268,0.12460896683180268
CensusTract36119013102,0,0,0.05964218704932729,0.0925367104178793,0.13125845040279552,0.13125845040279552,0,0,0.13125845040279552,0.13125845040279552
CensusTract36109001000,0,0,0.05980609220101326,0.07974123437288778,0.09967572145733844,0.09967572145733844,0,0,0.09967572145733844,0.09967572145733844
CensusTract36087012203,0,0,0.06012797726402233,0.08325163430429373,0.10935166835518009,0.10935166835518009,0,0,0.10935166835518009,0.10935166835518009
CensusTract36087012502,0,0,0.060389095899496904,0.08001686728204538,0.10344240121150906,0.10344240121150906,0,0,0.10344240121150906,0.10344240121150906
CensusTract36071014102,0,0,-0.06054728473883546,-0.09077706031464844,-0.12468280880207129,-0.12468280880207129,0,0,-0.12468280880207129,-0.12468280880207129
CensusTract36103201004,0,0,0.06161690997405258,0.07777545382012241,0.09336372552947243,0.09336372552947243,0,0,0.09336372552947243,0.09336372552947243
CensusTract36027060400,0,0,-0.0616861304936599,-0.09654911270427019,-0.1353391544627241,-0.1353391544627241,0,0,-0.1353391544627241,-0.1353391544627241
CensusTract36103146612,0,0,-0.06185834245396578,-0.08967789821402569,-0.12184191217970455,-0.12184191217970455,0,0,-0.12184191217970455,-0.12184191217970455
CensusTract36055010700,0,0,0.06229017496923691,0.08568582630371813,0.1127176792337638,0.1127176792337638,0,0,0.1127176792337638,0.1127176792337638
Year2019:CensusTract36067005800,0,0,0.06311702254353557,0.09958288628627773,0.14437795954701052,0.14437795954701052,0,0,0.14437795954701052,0.14437795954701052
Year2019:CensusTract36029010901,0,0,0.06312390965316386,0.1027874559617792,0.14759854341585849,0.14759854341585849,0,0,0.14759854341585849,0.14759854341585849
CensusTract36073040700,0,0,0.0634973827286948,0.09428770709392681,0.12774803050913658,0.12774803050913658,0,0,0.12774803050913658,0.12774803050913658
CensusTract36103158804,0,0,-0.06421069546981593,-0.09230556795546364,-0.12511983068648921,-0.12511983068648921,0,0,-0.12511983068648921,-0.12511983068648921
CensusTract36103123102,0,0,-0.0643072654020388,-0.09192383702000399,-0.12393405537596058,-0.12393405537596058,0,0,-0.12393405537596058,-0.12393405537596058
CountyRockland,0,0,0.06506942577738971,0.07261087018447197,0.07998787289665772,0.07998787289665772,0,0,0.07998787289665772,0.07998787289665772
CensusTract36065023200,0,0,0.06512215982554811,0.09714669500585843,0.13222251302790144,0.13222251302790144,0,0,0.13222251302790144,0.13222251302790144
Urban1:CountyDelaware,0,0,0.06570715320328545,0.07186340289350848,0.07737888273752047,0.07737888273752047,0,0,0.07737888273752047,0.07737888273752047
CensusTract36103190403,0,0,0.06710430557713035,0.08299621451545836,0.09843293038998092,0.09843293038998092,0,0,0.09843293038998092,0.09843293038998092
CensusTract36045060803,0,0,0.06818242742926003,0.09834248884336577,0.12898722770309864,0.12898722770309864,0,0,0.12898722770309864,0.12898722770309864
CensusTract36107020402,0,0,0.06823900632811102,0.0993647202294771,0.1344740337221772,0.1344740337221772,0,0,0.1344740337221772,0.1344740337221772
Year2019:CensusTract36029007202,0,0,0.0684349481740883,0.10756915584658383,0.15057442389808443,0.15057442389808443,0,0,0.15057442389808443,0.15057442389808443
CensusTract36103190502,0,0,0.06970660132020168,0.08524883964246849,0.1013047893600117,0.1013047893600117,0,0,0.1013047893600117,0.1013047893600117
CountyWestchester,0,0,-0.06995599248094901,-0.0726179671128122,-0.06220659976674244,-0.06220659976674244,0,0,-0.06220659976674244,-0.06220659976674244
CensusTract36119013900,0,0,0.07088784298425692,0.10375861748227673,0.14246805921487887,0.14246805921487887,0,0,0.14246805921487887,0.14246805921487887
Urban1:CensusTract36119981000,0,0,0.07120821509195566,0.07397560134843123,0.05917402711727511,0.05917402711727511,0,0,0.05917402711727511,0.05917402711727511
CensusTract36119012303,0,0,0.0713596673121802,0.1046081878637318,0.1443681127656066,0.1443681127656066,0,0,0.1443681127656066,0.1443681127656066
CensusTract36055008500,0,0,0.07176095008338632,0.09517753380693716,0.12117965207904921,0.12117965207904921,0,0,0.12117965207904921,0.12117965207904921
CensusTract36119010000,0,0,0.07201783328894086,0.10471726145895899,0.1438458005781992,0.1438458005781992,0,0,0.1438458005781992,0.1438458005781992
CensusTract36103135205,0,0,-0.072291993585724107,-0.10012617161845436,-0.13195105325656756,-0.13195105325656756,0,0,-0.13195105325656756,-0.13195105325656756
CensusTract36103135303,0,0,-0.07288325685490578,-0.10042660598988896,-0.13206833359326475,-0.13206833359326475,0,0,-0.13206833359326475,-0.13206833359326475
Urban1:TractLOWI,0,0,-0.07341159145299307,-0.07666036518889748,-1.3521740399670825e-5,-1.3521740399670825e-5,0,0,-1.3521740399670825e-5,-1.3521740399670825e-5
CensusTract36103158802,0,0,-0.0740080191380874,-0.10182521720067472,-0.1336035062827895,-0.1336035062827895,0,0,-0.1336035062827895,-0.1336035062827895
CensusTract36083041200,0,0,0.07404551224992699,0.09823872121627597,0.1274331450004621,0.1274331450004621,0,0,0.1274331450004621,0.1274331450004621
CensusTract36067016002,0,0,0.07495732532969773,0.10562559453796047,0.1406547291087453,0.1406547291087453,0,0,0.1406547291087453,0.1406547291087453
CensusTract36103146500,0,0,-0.07565985154938791,-0.10354169445409046,-0.13559025898044633,-0.13559025898044633,0,0,-0.13559025898044633,-0.13559025898044633
CensusTract36119014907,0,0,0.07606568252583024,0.10930182839960798,0.14852063176155494,0.14852063176155494,0,0,0.14852063176155494,0.14852063176155494
CensusTract36007013304,0,0,0.07680244989814088,0.10787632772169586,0.14259767393516995,0.14259767393516995,0,0,0.14259767393516995,0.14259767393516995
CensusTract36093032503,0,0,0.0768087392316186,0.10798815083943722,0.1434816180005452,0.1434816180005452,0,0,0.1434816180005452,0.1434816180005452
CensusTract36007014600,0,0,0.07697736145675761,0.10785334006747711,0.1422288250231632,0.1422288250231632,0,0,0.1422288250231632,0.1422288250231632
CensusTract36119012304,0,0,0.07747238049241732,0.11081022217853585,0.15064671507694458,0.15064671507694458,0,0,0.15064671507694458,0.15064671507694458
CensusTract36065023502,0,0,0.07756514508824534,0.10867638297544113,0.1437513527536041,0.1437513527536041,0,0,0.1437513527536041,0.1437513527536041
CensusTract36119013201,0,0,0.07808844240767364,0.11090421193058636,0.1497594926864941,0.1497594926864941,0,0,0.1497594926864941,0.1497594926864941
CensusTract36029009702,0,0,0.07814303886841319,0.10972451705534692,0.1445856333112682,0.1445856333112682,0,0,0.1445856333112682,0.1445856333112682
TractHispanic,-0.06776220518185287,-0.08565547637419729,-0.07825697734017312,-0.07739080999240497,-0.07186518656721452,-0.07186518656721452,-0.06812669604450242,-0.07223857018567566,-0.07186518656721452,-0.07186518656721452
CensusTract36029015301,0,0,0.0788367054636097,0.1101187187528565,0.14507947347381628,0.14507947347381628,0,0,0.14507947347381628,0.14507947347381628
Year2019:CountyRockland,0,0,0.07900018423524244,0.08139354865443663,0.08417419666077734,0.08417419666077734,0,0,0.08417419666077734,0.08417419666077734
CensusTract36087011102,0,0,-0.0790558610138297,-0.10285103714258471,-0.1280115553938121,-0.1280115553938121,0,0,-0.1280115553938121,-0.1280115553938121
CensusTract36103135003,0,0,-0.07942356001210883,-0.10691360248095538,-0.13848145228573347,-0.13848145228573347,0,0,-0.13848145228573347,-0.13848145228573347
CensusTract36103146605,0,0,0.07975462956460248,0.09674868674945422,0.11330597407478696,0.11330597407478696,0,0,0.11330597407478696,0.11330597407478696
CensusTract36001014606,0,0,0.08001370249613966,0.10826769921848436,0.14552133506240186,0.14552133506240186,0,0,0.14552133506240186,0.14552133506240186
Urban1:CountyWyoming,0,0,0.08044807870547337,0.10516767419069087,0.13298794841032538,0.13298794841032538,0,0,0.13298794841032538,0.13298794841032538
CensusTract36083052503,0,0,0.08056832841516715,0.10585642930167032,0.1353038882634122,0.1353038882634122,0,0,0.1353038882634122,0.1353038882634122
CensusTract36119012101,0,0,0.08071326787995473,0.11365432041076669,0.15305923106454294,0.15305923106454294,0,0,0.15305923106454294,0.15305923106454294
CensusTract36093033003,0,0,0.08095994986738937,0.11221763282323219,0.14749934912936385,0.14749934912936385,0,0,0.14749934912936385,0.14749934912936385
CensusTract36029015900,0,0,0.08110452984357838,0.11256868119393651,0.14727901729876242,0.14727901729876242,0,0,0.14727901729876242,0.14727901729876242
CensusTract36075020702,0,0,0.08152330303566464,0.11402316657036157,0.14985384691153159,0.14985384691153159,0,0,0.14985384691153159,0.14985384691153159
CensusTract36067012600,0,0,0.08159686028654119,0.11160720363862767,0.14573656943190239,0.14573656943190239,0,0,0.14573656943190239,0.14573656943190239
CensusTract36067010301,0,0,0.08177780613038044,0.11253391302352875,0.1470504099843824,0.1470504099843824,0,0,0.1470504099843824,0.1470504099843824
CensusTract36055013205,0,0,0.08228471755586625,0.10472797889328006,0.12951684202047348,0.12951684202047348,0,0,0.12951684202047348,0.12951684202047348
CensusTract36067014500,0,0,0.08301212811798539,0.11374900853047777,0.1483136671391567,0.1483136671391567,0,0,0.1483136671391567,0.1483136671391567
CensusTract36029010101,0,0,0.08328391039982905,0.11452514437895486,0.14885740579770168,0.14885740579770168,0,0,0.14885740579770168,0.14885740579770168
CensusTract36119014806,0,0,0.0834419763267575,0.11596598534601407,0.15453337302140335,0.15453337302140335,0,0,0.15453337302140335,0.15453337302140335
CensusTract36067016502,0,0,0.08366427994589053,0.11448511524201448,0.14935753633127044,0.14935753633127044,0,0,0.14935753633127044,0.14935753633127044
CensusTract36103122405,0,0,0.08372636004822406,0.0961692487614546,0.11011643504326858,0.11011643504326858,0,0,0.11011643504326858,0.11011643504326858
CensusTract36103146105,0,0,-0.08381183654770528,-0.11462930380084058,-0.151514926186764,-0.151514926186764,0,0,-0.151514926186764,-0.151514926186764
CensusTract36067011241,0,0,0.08385480066156238,0.11424461148625994,0.1495604873464357,0.1495604873464357,0,0,0.1495604873464357,0.1495604873464357
Urban1:CountyRensselaer,0,0,0.08416715821238582,0.09085859430296925,0.09601814195089588,0.09601814195089588,0,0,0.09601814195089588,0.09601814195089588
CensusTract36119009800,0,0,0.08447506874559273,0.1174077909408271,0.15671063879658548,0.15671063879658548,0,0,0.15671063879658548,0.15671063879658548
Year2015:CensusTract36093020300,0,0,0.08493729078642864,0.12375174850691023,0.166461674179901,0.166461674179901,0,0,0.166461674179901,0.166461674179901
CensusTract36113070701,0,0,0.08536340849412127,0.11754896437542772,0.1530622140157421,0.1530622140157421,0,0,0.1530622140157421,0.1530622140157421
CensusTract36071011200,0,0,-0.08569287898089305,-0.11607534062141239,-0.1506619573737389,-0.1506619573737389,0,0,-0.1506619573737389,-0.1506619573737389
CensusTract36119008200,0,0,0.08572561826076867,0.11770227295911803,0.15483337279403364,0.15483337279403364,0,0,0.15483337279403364,0.15483337279403364
CensusTract36027210201,0,0,-0.08590722025616152,-0.121779964000999,-0.16201778363664707,-0.16201778363664707,0,0,-0.16201778363664707,-0.16201778363664707
CensusTract36103145704,0,0,-0.0863839009986954,-0.11687943348534874,-0.1529220075317954,-0.1529220075317954,0,0,-0.1529220075317954,-0.1529220075317954
CensusTract36029014000,0,0,0.08696070696850279,0.11836806696336609,0.1531181396419082,0.1531181396419082,0,0,0.1531181396419082,0.1531181396419082
CensusTract36027150006,0,0,-0.08711201184994186,-0.1205875206963443,-0.15760504698339162,-0.15760504698339162,0,0,-0.15760504698339162,-0.15760504698339162
CensusTract36119012700,0,0,0.08807463064869532,0.12162033126029044,0.1613187292869909,0.1613187292869909,0,0,0.1613187292869909,0.1613187292869909
CensusTract36119006900,0,0,0.08822779228958945,0.120837162868851,0.1597610072769463,0.1597610072769463,0,0,0.1597610072769463,0.1597610072769463
CensusTract36119012802,0,0,0.08826877128335484,0.12139591448980086,0.1595461314503955,0.1595461314503955,0,0,0.1595461314503955,0.1595461314503955
CensusTract36027220300,0,0,-0.08941672535667088,-0.12636360608738362,-0.16770484720735415,-0.16770484720735415,0,0,-0.16770484720735415,-0.16770484720735415
CensusTract36103158308,0,0,-0.08951571213955341,-0.11799012468824834,-0.1507960976240387,-0.1507960976240387,0,0,-0.1507960976240387,-0.1507960976240387
CensusTract36027220700,0,0,-0.08966629003343336,-0.12604607793782246,-0.16678879793722035,-0.16678879793722035,0,0,-0.16678879793722035,-0.16678879793722035
CensusTract36087012102,0,0,-0.08985117197117125,-0.10711792010678163,-0.12464439384130209,-0.12464439384130209,0,0,-0.12464439384130209,-0.12464439384130209
CensusTract36015010900,0,0,0.09013759690102914,0.12099904900660359,0.15541023428135906,0.15541023428135906,0,0,0.15541023428135906,0.15541023428135906
Urban1:Year2015:CountyMadison,0,0,0.0903539960056488,0.11160954146418252,0.13513027713198544,0.13513027713198544,0,0,0.13513027713198544,0.13513027713198544
Year2015:CensusTract36095740600,0,0,0.09046220862978734,0.13208229449755393,0,0,0,0,0,0
Year2019:CensusTract36059415102,0,0,0.0911638122275246,0.12988108959598157,0.17368626992497357,0.17368626992497357,0,0,0.17368626992497357,0.17368626992497357
CensusTract36063022602,0,0,0.09241898080699666,0.12206384271376387,0.15503962578830605,0.15503962578830605,0,0,0.15503962578830605,0.15503962578830605
CensusTract36063024404,0,0,0.0927929440320962,0.1233342245455464,0.1573128247257149,0.1573128247257149,0,0,0.1573128247257149,0.1573128247257149
CensusTract36051030900,0,0,-0.09302795918875943,-0.1320136576604998,-0.1752307096055046,-0.1752307096055046,0,0,-0.1752307096055046,-0.1752307096055046
CountySt. Lawrence,0,0,0.09314674407545834,0.09181482379481559,0,0,0,0,0,0
CensusTract36001014503,0,0,0.09403958685269952,0.12291168179728316,0.16142729702639885,0.16142729702639885,0,0,0.16142729702639885,0.16142729702639885
CensusTract36119013103,0,0,0.09455874562990761,0.12740193320271104,0.16643384439594877,0.16643384439594877,0,0,0.16643384439594877,0.16643384439594877
CensusTract36103146800,0,0,-0.09551728037471094,-0.12314578876799329,-0.1547959199662681,-0.1547959199662681,0,0,-0.1547959199662681,-0.1547959199662681
CensusTract36103158508,0,0,-0.09555681378399906,-0.12384094878207136,-0.15635708584167096,-0.15635708584167096,0,0,-0.15635708584167096,-0.15635708584167096
CensusTract36103146901,0,0,-0.09565421940466862,-0.12314341618301486,-0.15456520263038956,-0.15456520263038956,0,0,-0.15456520263038956,-0.15456520263038956
CensusTract36029009402,0,0,0.09597292455011613,0.12669607216775425,0.16122499417347647,0.16122499417347647,0,0,0.16122499417347647,0.16122499417347647
CensusTract36055006100,0,0,0.0965434582750209,0.11955490530073899,0.1458071728462068,0.1458071728462068,0,0,0.1458071728462068,0.1458071728462068
Year2019:CensusTract36081068000,0,0,0.0967865109454338,0.12925565298215952,0.1653661794947192,0.1653661794947192,0,0,0.1653661794947192,0.1653661794947192
CensusTract36087013300,0,0,0.09797794271673493,0.11864653913281657,0.1430923675907424,0.1430923675907424,0,0,0.1430923675907424,0.1430923675907424
CensusTract36001013706,0,0,0.09804053550453154,0.1266060313095468,0.16521172025834896,0.16521172025834896,0,0,0.16521172025834896,0.16521172025834896
CensusTract36093032502,0,0,0.09871172377373716,0.13006117216549562,0.1651867600870497,0.1651867600870497,0,0,0.1651867600870497,0.1651867600870497
CensusTract36029014209,0,0,0.09898833131046576,0.13030614342513266,0.1647083364060754,0.1647083364060754,0,0,0.1647083364060754,0.1647083364060754
CensusTract36067015203,0,0,0.09909639914750502,0.1296044890353492,0.1646191384786733,0.1646191384786733,0,0,0.1646191384786733,0.1646191384786733
CensusTract36029012003,0,0,0.09936101952126274,0.13051521120795312,0.1648096861501497,0.1648096861501497,0,0,0.1648096861501497,0.1648096861501497
CensusTract36029013600,0,0,0.09987678259878736,0.1307537013195209,0.16563414193470022,0.16563414193470022,0,0,0.16563414193470022,0.16563414193470022
CensusTract36029010805,0,0,0.10006855599345868,0.130953891152762,0.1648766225780629,0.1648766225780629,0,0,0.1648766225780629,0.1648766225780629
CensusTract36103158900,0,0,-0.10039256613694454,-0.12904545856818567,-0.16241918067253375,-0.16241918067253375,0,0,-0.16241918067253375,-0.16241918067253375
CensusTract36055014203,0,0,-0.10073733152245244,-0.12213463977663659,-0.14418739606067102,-0.14418739606067102,0,0,-0.14418739606067102,-0.14418739606067102
CensusTract36119005200,0,0,0.1009207888843284,0.13419207417333828,0.17447509157400173,0.17447509157400173,0,0,0.17447509157400173,0.17447509157400173
CensusTract36027220201,0,0,-0.10100615054236552,-0.1373999027712201,-0.17819240275788722,-0.17819240275788722,0,0,-0.17819240275788722,-0.17819240275788722
CensusTract36103123500,0,0,-0.1012908264589998,-0.12944797980940329,-0.16227503915120184,-0.16227503915120184,0,0,-0.16227503915120184,-0.16227503915120184
CensusTract36001001802,0,0,0.10157694331812257,0.13056592049371285,0.1679998916326296,0.1679998916326296,0,0,0.1679998916326296,0.1679998916326296
Urban1:CensusTract36119014811,0,0,0.10201285359534688,0.13505116334897838,0.0033781200021881655,0.0033781200021881655,0,0,0.0033781200021881655,0.0033781200021881655
CensusTract36119009900,0,0,0.1023601690010131,0.13582791742864778,0.17658696487565306,0.17658696487565306,0,0,0.17658696487565306,0.17658696487565306
CensusTract36069050101,0,0,0.10264259796569193,0.1338039695028241,0.16842696217982459,0.16842696217982459,0,0,0.16842696217982459,0.16842696217982459
Year2019:CensusTract36059415202,0,0,0.10288789946699375,0.14163166603129,0.1852751713530513,0.1852751713530513,0,0,0.1852751713530513,0.1852751713530513
CensusTract36029009401,0,0,0.10296220190773414,0.13354915355650826,0.16710589938153678,0.16710589938153678,0,0,0.16710589938153678,0.16710589938153678
Year2015:CensusTract36059415000,0,0,0.1031259145755117,0.14118576567978736,0.18405939482457714,0.18405939482457714,0,0,0.18405939482457714,0.18405939482457714
CensusTract36015010600,0,0,0.1036441785102478,0.1354868234948676,0.17007185608504774,0.17007185608504774,0,0,0.17007185608504774,0.17007185608504774
CensusTract36103147300,0,0,-0.10379246339103242,-0.13297794632878024,-0.16695950203809143,-0.16695950203809143,0,0,-0.16695950203809143,-0.16695950203809143
CensusTract36067011012,0,0,0.10523836221406026,0.13557403400494514,0.16931351291553892,0.16931351291553892,0,0,0.16931351291553892,0.16931351291553892
CensusTract36011041700,0,0,0.10585106902292214,0.1380175979644759,0.17305736030944874,0.17305736030944874,0,0,0.17305736030944874,0.17305736030944874
CensusTract36087010503,0,0,0.10626182087872801,0.1255849251699111,0.14842973374718424,0.14842973374718424,0,0,0.14842973374718424,0.14842973374718424
CensusTract36071010700,0,0,-0.10664309634310382,-0.1362387562250029,-0.16934953271301081,-0.16934953271301081,0,0,-0.16934953271301081,-0.16934953271301081
CensusTract36103111801,0,0,-0.10682589436869953,-0.13500012754836896,-0.16717695918246184,-0.16717695918246184,0,0,-0.16717695918246184,-0.16717695918246184
CensusTract36013035901,0,0,0.10738296376849747,0.13840797961226506,0.17237920778018348,0.17237920778018348,0,0,0.17237920778018348,0.17237920778018348
Year2015:CensusTract36095740700,0,0,0.10786228836021883,0.14960541818576775,0,0,0,0,0,0
Year2019:CensusTract36059406300,0,0,0.10827905887804672,0.14721311980014032,0.1911470481612129,0.1911470481612129,0,0,0.1911470481612129,0.1911470481612129
CensusTract36029009104,0,0,0.1083818011402905,0.138960395117193,0.17297461282651078,0.17297461282651078,0,0,0.17297461282651078,0.17297461282651078
CensusTract36083052303,0,0,0.10845477663118065,0.13359062266135027,0.16350498669740623,0.16350498669740623,0,0,0.16350498669740623,0.16350498669740623
CensusTract36007012701,0,0,0.10880305930535135,0.1402494378646188,0.17480650112279017,0.17480650112279017,0,0,0.17480650112279017,0.17480650112279017
CensusTract36067011232,0,0,0.10888002236761317,0.13977212077106715,0.17475018316252353,0.17475018316252353,0,0,0.17475018316252353,0.17475018316252353
CensusTract36119012600,0,0,0.10922873108850167,0.14244153670693502,0.18270324088829265,0.18270324088829265,0,0,0.18270324088829265,0.18270324088829265
Year2019:CensusTract36033940000,0,0,0.10952347889693989,0.14899741935272617,0,0,0,0,0,0
CensusTract36067014800,0,0,0.10969408722669081,0.14006639761586823,0.17520711487262547,0.17520711487262547,0,0,0.17520711487262547,0.17520711487262547
CensusTract36065021301,0,0,0.10975935929809183,0.14069918297612588,0.1750970420033447,0.1750970420033447,0,0,0.1750970420033447,0.1750970420033447
CensusTract36119014809,0,0,0.1098282803361335,0.1425523655045479,0.18215261199929195,0.18215261199929195,0,0,0.18215261199929195,0.18215261199929195
CensusTract36029016200,0,0,0.11136376611853303,0.14267982456239134,0.17657031315508206,0.17657031315508206,0,0,0.17657031315508206,0.17657031315508206
CensusTract36045060500,0,0,0.11155409450398746,0.14201127583506648,0.17488179360175296,0.17488179360175296,0,0,0.17488179360175296,0.17488179360175296
CensusTract36093033002,0,0,0.11166288498904987,0.14279304140329102,0.17831710322234035,0.17831710322234035,0,0,0.17831710322234035,0.17831710322234035
CensusTract36067013400,0,0,0.11203999230789143,0.1423088292614737,0.17657469417694555,0.17657469417694555,0,0,0.17657469417694555,0.17657469417694555
Year2019:CensusTract36059415401,0,0,0.11204501614849345,0.15046358863145745,0.1938321519215523,0.1938321519215523,0,0,0.1938321519215523,0.1938321519215523
CensusTract36067012400,0,0,0.11303568415867853,0.1436865968054502,0.1784185941061137,0.1784185941061137,0,0,0.1784185941061137,0.1784185941061137
CensusTract36065025900,0,0,0.11335448266637832,0.14717937893754438,0.18297023695417686,0.18297023695417686,0,0,0.18297023695417686,0.18297023695417686
CensusTract36001013703,0,0,0.11346771686081274,0.14118546996146095,0.17879338154803573,0.17879338154803573,0,0,0.17879338154803573,0.17879338154803573
CensusTract36055013401,0,0,0.11363654455071077,0.13661009352745698,0.1608112409636689,0.1608112409636689,0,0,0.1608112409636689,0.1608112409636689
CensusTract36093032901,0,0,0.11412421879442711,0.14526339495967786,0.17993873824478304,0.17993873824478304,0,0,0.17993873824478304,0.17993873824478304
CountyKings,-0.23810619311254663,-0.2227789175814591,-0.1144292444347554,-0.10952276823747831,-0.06502739176952246,-0.06502739176952246,-0.1653026853425017,-0.154379158571246,-0.06502739176952246,-0.06502739176952246
CensusTract36007012102,0,0,0.1144456317584668,0.14550165448024946,0.18030757896715363,0.18030757896715363,0,0,0.18030757896715363,0.18030757896715363
CensusTract36103158705,0,0,0.1150125776093786,0.1264965678630969,0.13027328280807693,0.13027328280807693,0,0,0.13027328280807693,0.13027328280807693
Urban1:CountySuffolk,0.13072608135039873,0.134636949367277,0.11563405167440616,0.12984409918584575,0.14739753083474527,0.14739753083474527,0.13219684014279193,0.13124114856171262,0.14739753083474527,0.14739753083474527
CensusTract36103123402,0,0,-0.11565790548163545,-0.1438133059376036,-0.1762110875075749,-0.1762110875075749,0,0,-0.1762110875075749,-0.1762110875075749
Urban1:HUNVFlag1,0.35257195361543003,0.3463696120212855,0.1157284749691311,0.1149174299311658,0.11401010272281663,0.11401010272281663,0.3506281747789833,0.3484463692762981,0.11401010272281663,0.11401010272281663
Year2019:CensusTract36059409500,0,0,0.11585880665342387,0.15463531652729834,0.1982459162254992,0.1982459162254992,0,0,0.1982459162254992,0.1982459162254992
CensusTract36093032402,0,0,0.11628369149809695,0.14711220648040335,0.18181296313485085,0.18181296313485085,0,0,0.18181296313485085,0.18181296313485085
Urban1:TractKids,0,0,0.11652991318710515,0.11988606350521677,0.26872924478160265,0.26872924478160265,0.16583709808056127,0.16939063673183005,0.26872924478160265,0.26872924478160265
CensusTract36029013900,0,0,0.11783171962859093,0.14958114992675597,0.1850929412366916,0.1850929412366916,0,0,0.1850929412366916,0.1850929412366916
CensusTract36005046201,0,0,-0.11846404039080803,-0.14400593482960275,-0.16661171222707347,-0.16661171222707347,0,0,-0.16661171222707347,-0.16661171222707347
CensusTract36103122403,0,0,0.11849921470662596,0.13042773398345395,0.14003049098109377,0.14003049098109377,0,0,0.14003049098109377,0.14003049098109377
Year2019:CensusTract36029004402,0,0,0.11898016113075734,0.1563379965687169,0.19622174864890168,0.19622174864890168,0,0,0.19622174864890168,0.19622174864890168
CensusTract36067010100,0,0,0.11927688345870356,0.1504151079257639,0.18492004024078176,0.18492004024078176,0,0,0.18492004024078176,0.18492004024078176
CensusTract36101961200,0,0,0.11971241948219054,0.15231107254251866,0.18603815890089911,0.18603815890089911,0,0,0.18603815890089911,0.18603815890089911
CensusTract36001013503,0,0,0.11977842850696553,0.14795889851080657,0.18641596092218993,0.18641596092218993,0,0,0.18641596092218993,0.18641596092218993
CensusTract36063020100,0,0,0.11980092207567977,0.15056570467254732,0.18546089781001449,0.18546089781001449,0,0,0.18546089781001449,0.18546089781001449
Year2015:CensusTract36019101600,0,0,0.12002767439669218,0.16095923747317903,0.20689016311001096,0.20689016311001096,0,0,0.20689016311001096,0.20689016311001096
CensusTract36071015004,0,0,-0.1202495304934811,-0.14527523952962923,-0.17253166568102207,-0.17253166568102207,0,0,-0.17253166568102207,-0.17253166568102207
CensusTract36067014900,0,0,0.12129134411980239,0.15044673351904564,0.1833500113545501,0.1833500113545501,0,0,0.1833500113545501,0.1833500113545501
CensusTract36071013000,0,0,-0.12130207217255891,-0.1504379107382209,-0.18273592557111754,-0.18273592557111754,0,0,-0.18273592557111754,-0.18273592557111754
CensusTract36001000401,0,0,0.12138662035976905,0.14947512675108318,0.18736352535200748,0.18736352535200748,0,0,0.18736352535200748,0.18736352535200748
Urban1:CountyMonroe,0,0.005778914414460341,0.12175133185935498,0.12915101218523348,0.1364479359155935,0.1364479359155935,0.0035440832985080533,0.008754621737939903,0.1364479359155935,0.1364479359155935
CensusTract36103145901,0,0,0.12175914963449365,0.13636830899219715,0.14051607006323427,0.14051607006323427,0,0,0.14051607006323427,0.14051607006323427
CensusTract36001014613,0,0,0.12353648725645469,0.15212502917344117,0.19117196503972494,0.19117196503972494,0,0,0.19117196503972494,0.19117196503972494
CensusTract36093032601,0,0,0.12412589290576041,0.15527405474307407,0.19100256786435033,0.19100256786435033,0,0,0.19100256786435033,0.19100256786435033
CensusTract36001014611,0,0,0.12484209299500774,0.15341428812856533,0.19264768032796253,0.19264768032796253,0,0,0.19264768032796253,0.19264768032796253
CensusTract36063023600,0,0,0.124901512167278,0.1562457177868448,0.18888084860949905,0.18888084860949905,0,0,0.18888084860949905,0.18888084860949905
CensusTract36065024301,0,0,0.12491564404346987,0.15588409304314163,0.19053432248832083,0.19053432248832083,0,0,0.19053432248832083,0.19053432248832083
CensusTract36117021400,0,0,-0.1251918515604707,-0.1657307372141069,-0.21086597546935543,-0.21086597546935543,0,0,-0.21086597546935543,-0.21086597546935543
CensusTract36119006802,0,0,0.12523267575746086,0.15752879012983098,0.1969329718096691,0.1969329718096691,0,0,0.1969329718096691,0.1969329718096691
CensusTract36103145702,0,0,0.12532468385763954,0.13824245585749154,0.14629573517616215,0.14629573517616215,0,0,0.14629573517616215,0.14629573517616215
CensusTract36029009004,0,0,0.12564149044411568,0.1562416243311417,0.1903415323337368,0.1903415323337368,0,0,0.1903415323337368,0.1903415323337368
CensusTract36119014607,0,0,0.126219153471075,0.15878089788478852,0.19807687250571684,0.19807687250571684,0,0,0.19807687250571684,0.19807687250571684
CensusTract36093032102,0,0,0.12671185818955272,0.15747936176906727,0.19245837874776278,0.19245837874776278,0,0,0.19245837874776278,0.19245837874776278
Year2015:CensusTract36095740800,0,0,0.12689581558331464,0.16792314506209638,0,0,0,0,0,0
CensusTract36067016100,0,0,0.1269484304847817,0.15651216181853325,0.18947606723074445,0.18947606723074445,0,0,0.18947606723074445,0.18947606723074445
CensusTract36029011800,0,0,0.12708531649091545,0.1583940418409557,0.19268777735939657,0.19268777735939657,0,0,0.19268777735939657,0.19268777735939657
CensusTract36027160005,0,0,-0.12731075556087107,-0.16094990266503287,-0.19835847199946308,-0.19835847199946308,0,0,-0.19835847199946308,-0.19835847199946308
CensusTract36111952000,0,0,-0.12751336702486357,-0.16151613407104184,-0.20114262891763324,-0.20114262891763324,0,0,-0.20114262891763324,-0.20114262891763324
CensusTract36087010703,0,0,0.12772498031638982,0.14506253221207646,0.0041342328363919946,0.0041342328363919946,0,0,0.0041342328363919946,0.0041342328363919946
CensusTract36089490900,0,0,0.12823030674947217,0.154274729126958,0.22347782691417123,0.22347782691417123,0,0,0.22347782691417123,0.22347782691417123
CensusTract36075020901,0,0,0.12834037285695307,0.16055789719385646,0.19493193233967704,0.19493193233967704,0,0,0.19493193233967704,0.19493193233967704
Year2019:CensusTract36081069000,0,0,0.1294800651759301,0.16257994935999062,0.20037605765986968,0.20037605765986968,0,0,0.20037605765986968,0.20037605765986968
CensusTract36119014908,0,0,0.13097939604197117,0.16454919758483294,0.20506269493165383,0.20506269493165383,0,0,0.20506269493165383,0.20506269493165383
CensusTract36013030600,0,0,0.13157394020864535,0.16377001679003952,0.19727481550207873,0.19727481550207873,0,0,0.19727481550207873,0.19727481550207873
CensusTract36029007800,0,0,0.13197438931607217,0.16309618061050188,0.1972651863160118,0.1972651863160118,0,0,0.1972651863160118,0.1972651863160118
CensusTract36119014604,0,0,0.13267254177192955,0.16632013759460637,0.20617471258361544,0.20617471258361544,0,0,0.20617471258361544,0.20617471258361544
CensusTract36029010809,0,0,0.13300931839348634,0.1639879216108194,0.19832338856047427,0.19832338856047427,0,0,0.19832338856047427,0.19832338856047427
CensusTract36027220801,0,0,-0.13334465478112778,-0.1708571027202975,-0.21151192023030327,-0.21151192023030327,0,0,-0.21151192023030327,-0.21151192023030327
Year2019:CensusTract36081069400,0,0,0.1341219535154772,0.1665267541604985,0.204258675931139,0.204258675931139,0,0,0.204258675931139,0.204258675931139
CensusTract36043010501,0,0,0.13426114563293587,0.16613821049944136,0.2000369664554677,0.2000369664554677,0,0,0.2000369664554677,0.2000369664554677
CensusTract36111951400,0,0,-0.1353196059807624,-0.16896514581915312,-0.20759684933466302,-0.20759684933466302,0,0,-0.20759684933466302,-0.20759684933466302
Year2015:CensusTract36059517500,0,0,0.1355489066385313,0.17414760073957256,0.21734867504989705,0.21734867504989705,0,0,0.21734867504989705,0.21734867504989705
CensusTract36065022702,0,0,0.1359475259336948,0.16689084552022646,0.20136774397086749,0.20136774397086749,0,0,0.20136774397086749,0.20136774397086749
CensusTract36103147702,0,0,-0.13654471188049663,-0.16366625698251816,-0.19456472173169645,-0.19456472173169645,0,0,-0.19456472173169645,-0.19456472173169645
Year2015:CensusTract36119011200,0,0,0.13670243158322384,0.17671873854200354,0.2200276428228197,0.2200276428228197,0,0,0.2200276428228197,0.2200276428228197
CensusTract36015010800,0,0,0.13685474279424434,0.16890893784441027,0.2019961774375881,0.2019961774375881,0,0,0.2019961774375881,0.2019961774375881
CountyFranklin,0,0.0312723201883295,0.13692970355840747,0.13247521878338883,0,0,0,0,0,0
CensusTract36013030100,0,0,0.13710552368930967,0.16873872864456174,0.20257497553360734,0.20257497553360734,0,0,0.20257497553360734,0.20257497553360734
CensusTract36065023501,0,0,0.1371601003740843,0.16842018787682536,0.20321265147604747,0.20321265147604747,0,0,0.20321265147604747,0.20321265147604747
CensusTract36007014301,0,0,0.1375366711326708,0.16749340124671755,0.20072282511875178,0.20072282511875178,0,0,0.20072282511875178,0.20072282511875178
CensusTract36067015201,0,0,0.13763621267228793,0.16849103875763113,0.20184951170557952,0.20184951170557952,0,0,0.20184951170557952,0.20184951170557952
CensusTract36055007100,0,0,0.1376495946941855,0.1579968892963788,0.1481072725221958,0.1481072725221958,0,0,0.1481072725221958,0.1481072725221958
Urban1:CountyTompkins,0,0,0.13844191985085771,0.14835774393762288,0.1612665042269111,0.1612665042269111,0,0,0.1612665042269111,0.1612665042269111
CensusTract36011041300,0,0,0.1393384154547929,0.17147702868940387,0.20460951266319963,0.20460951266319963,0,0,0.20460951266319963,0.20460951266319963
CensusTract36065022500,0,0,0.14014829507845225,0.1716952516605051,0.20609632116867133,0.20609632116867133,0,0,0.20609632116867133,0.20609632116867133
CensusTract36029009107,0,0,0.1402978057946341,0.16994324992955415,0.20212521697176514,0.20212521697176514,0,0,0.20212521697176514,0.20212521697176514
CensusTract36103147804,0,0,-0.14104183803975534,-0.16856472695075503,-0.2000263439509764,-0.2000263439509764,0,0,-0.2000263439509764,-0.2000263439509764
CensusTract36029009112,0,0,0.14180397781811258,0.17326068052668414,0.20643708853112258,0.20643708853112258,0,0,0.20643708853112258,0.20643708853112258
CensusTract36065025200,0,0,0.1419904218991074,0.17280579048074998,0.20641667779170336,0.20641667779170336,0,0,0.20641667779170336,0.20641667779170336
CensusTract36001014612,0,0,0.1430678245039702,0.17251582665101242,0.20589589769790523,0.20589589769790523,0,0,0.20589589769790523,0.20589589769790523
CensusTract36067015500,0,0,0.14328175597740725,0.17433962755489751,0.20611190139073352,0.20611190139073352,0,0,0.20611190139073352,0.20611190139073352
CensusTract36029009114,0,0,0.14415025031651776,0.1746807329263443,0.20238102503457006,0.20238102503457006,0,0,0.20238102503457006,0.20238102503457006
CensusTract36063024501,0,0,0.14562565564088784,0.1771205010362584,0.21157619164235336,0.21157619164235336,0,0,0.21157619164235336,0.21157619164235336
Year2019:CensusTract36059520800,0,0,0.14572355522566408,0.1844633135522788,0.2280673604550403,0.2280673604550403,0,0,0.2280673604550403,0.2280673604550403
CensusTract36067010500,0,0,0.14712237172486192,0.17845012475832916,0.21019434586163524,0.21019434586163524,0,0,0.21019434586163524,0.21019434586163524
CensusTract36093032403,0,0,0.1472546351473817,0.17857033657361968,0.20916939509449858,0.20916939509449858,0,0,0.20916939509449858,0.20916939509449858
CensusTract36001014609,0,0,0.1487899047502927,0.17642800599035816,0.2070018254545867,0.2070018254545867,0,0,0.2070018254545867,0.2070018254545867
CensusTract36001000300,0,0,0.14915115917113625,0.17514362604052383,0.21128580459030014,0.21128580459030014,0,0,0.21128580459030014,0.21128580459030014
Year2015:CensusTract36089492400,0,0,0.15004693104959674,0.18594343855511902,0,0,0,0,0,0
Year2019:CensusTract36059521000,0,0,0.15223843109254642,0.19097177125312836,0.23390662054304626,0.23390662054304626,0,0,0.23390662054304626,0.23390662054304626
CensusTract36119008700,0,0,0.15243031308415664,0.18543906344205152,0.22476261520986304,0.22476261520986304,0,0,0.22476261520986304,0.22476261520986304
CensusTract36007012101,0,0,0.152508843052398,0.18423562359011242,0.20633771146919863,0.20633771146919863,0,0,0.20633771146919863,0.20633771146919863
CensusTract36091061800,0,0,-0.15305061159294422,-0.18109050834618334,-0.2120191438114083,-0.2120191438114083,0,0,-0.2120191438114083,-0.2120191438114083
CensusTract36023970300,0,0,0.1530873572061113,0.18517454849644027,0.2104863589222396,0.2104863589222396,0,0,0.2104863589222396,0.2104863589222396
CensusTract36065023901,0,0,0.15327400882295075,0.18481450890027348,0.2156737883305443,0.2156737883305443,0,0,0.2156737883305443,0.2156737883305443
CensusTract36001000200,0,0,0.1536191432609297,0.1778966710391607,0.18112156473428698,0.18112156473428698,0,0,0.18112156473428698,0.18112156473428698
Urban1:CountySaratoga,0,0,0.1538595990858246,0.16926163700217248,0.1870777593878848,0.1870777593878848,0,0,0.1870777593878848,0.1870777593878848
CensusTract36119013700,0,0,0.15389095720166568,0.18625347956769775,0.22573885274755803,0.22573885274755803,0,0,0.22573885274755803,0.22573885274755803
CensusTract36071015005,0,0,-0.15462252976724378,-0.17901208658135787,-0.20590538839064357,-0.20590538839064357,0,0,-0.20590538839064357,-0.20590538839064357
Year2015:CountySchoharie,0,0,0.1561996589137373,0.14837382025447463,0,0,0,0,0,0
CensusTract36023970400,0,0,0.15632601255825487,0.18833478896451633,0.2122515607779043,0.2122515607779043,0,0,0.2122515607779043,0.2122515607779043
CensusTract36029015504,0,0,0.15698848237236446,0.18782959937362562,0.21033052570639654,0.21033052570639654,0,0,0.21033052570639654,0.21033052570639654
CensusTract36063022902,0,0,0.15713801189295334,0.18860637811729408,0.21618542224443296,0.21618542224443296,0,0,0.21618542224443296,0.21618542224443296
CensusTract36087011800,0,0,0.15775074397380984,0.1698267986390158,0.18388998076818094,0.18388998076818094,0,0,0.18388998076818094,0.18388998076818094
CountyQueens,-0.32007010471935204,-0.3553529278824163,-0.15780028301298651,-0.15466942980074325,-0.16322012303334507,-0.16322012303334507,-0.34504318054317734,-0.3667653942400416,-0.16322012303334507,-0.16322012303334507
Year2015:CensusTract36059407700,0,0,0.15791729065361218,0.195441358436504,0.23732061453928482,0.23732061453928482,0,0,0.23732061453928482,0.23732061453928482
CensusTract36007013100,0,0,0.1580449475481536,0.1889298484317897,0.20429700958296762,0.20429700958296762,0,0,0.20429700958296762,0.20429700958296762
CensusTract36029007903,0,0,0.1585231152042482,0.1895863840347888,0.21926897500214984,0.21926897500214984,0,0,0.21926897500214984,0.21926897500214984
CensusTract36013037100,0,0,0.15877534909935817,0.19027353069083613,0.2137702203991637,0.2137702203991637,0,0,0.2137702203991637,0.2137702203991637
CensusTract36067012800,0,0,0.15939632670639728,0.19067351125309914,0.22236806446372334,0.22236806446372334,0,0,0.22236806446372334,0.22236806446372334
CensusTract36029012300,0,0,0.16001373046297282,0.19099883902676534,0.19715453779051761,0.19715453779051761,0,0,0.19715453779051761,0.19715453779051761
CensusTract36013035600,0,0,0.16128893565116895,0.19160721663514182,0.1996045548859039,0.1996045548859039,0,0,0.1996045548859039,0.1996045548859039
CensusTract36103112103,0,0,-0.16160694059945116,-0.18895022532906,-0.2201141968901093,-0.2201141968901093,0,0,-0.2201141968901093,-0.2201141968901093
CensusTract36059300900,0,0,0.16309308047122695,0.1903493814464565,0.2217077310489663,0.2217077310489663,0,0,0.2217077310489663,0.2217077310489663
CensusTract36113072000,0,0,0.16331380083766314,0.19440535558422042,0.21842548464970266,0.21842548464970266,0,0,0.21842548464970266,0.21842548464970266
CensusTract36077590900,0,0,-0.16343788600076248,-0.20102637412105268,-0.24190616467729023,-0.24190616467729023,0,0,-0.24190616467729023,-0.24190616467729023
CensusTract36101962900,0,0,0.1643601902170994,0.19572425411323577,0.22298979585770728,0.22298979585770728,0,0,0.22298979585770728,0.22298979585770728
CensusTract36119011700,0,0,0.16487507165234033,0.19799153186994614,0.23822779209295358,0.23822779209295358,0,0,0.23822779209295358,0.23822779209295358
CensusTract36119012501,0,0,0.16518687400601537,0.19888461329282806,0.23981359919702724,0.23981359919702724,0,0,0.23981359919702724,0.23981359919702724
CensusTract36119009703,0,0,0.1652447441898896,0.19792365810290397,0.23889291595870182,0.23889291595870182,0,0,0.23889291595870182,0.23889291595870182
CensusTract36119011902,0,0,0.1663432935696862,0.19906000903201848,0.23965882337621347,0.23965882337621347,0,0,0.23965882337621347,0.23965882337621347
CensusTract36029009109,0,0,0.16696044376306038,0.19767624238965997,0.21696449516068544,0.21696449516068544,0,0,0.21696449516068544,0.21696449516068544
CensusTract36119014808,0,0,0.16750109669282978,0.2004489509265652,0.2410362264870162,0.2410362264870162,0,0,0.2410362264870162,0.2410362264870162
CensusTract36111952400,0,0,-0.1682132122168927,-0.20168781255250726,-0.24043233519415622,-0.24043233519415622,0,0,-0.24043233519415622,-0.24043233519415622
Urban1:TractWhite,0.2724405061411235,0.22352569341968737,0.16941407842259132,0.1627317001420872,0.15549672203747336,0.15549672203747336,0.241051412734885,0.21533763353529,0.15549672203747336,0.15549672203747336
CensusTract36027210101,0,0,-0.1709245025166107,-0.2061863616830336,-0.245769682370268,-0.245769682370268,0,0,-0.245769682370268,-0.245769682370268
CensusTract36065022100,0,0,0.1725977027261092,0.2034743323228862,0.22835785741793013,0.22835785741793013,0,0,0.22835785741793013,0.22835785741793013
CensusTract36067011022,0,0,0.1758260164683903,0.20726296187335858,0.23361123261626243,0.23361123261626243,0,0,0.23361123261626243,0.23361123261626243
CountyLewis,0,0.09655012851080953,0.17596377765848284,0.16805595279400765,0,0,0,0,0,0
CensusTract36073040400,0,0,0.17616094208312294,0.20680042063203663,0.22041000082649356,0.22041000082649356,0,0,0.22041000082649356,0.22041000082649356
CensusTract36065022000,0,0,0.1763885944535637,0.20855887761573588,0.24251360201614972,0.24251360201614972,0,0,0.24251360201614972,0.24251360201614972
CensusTract36067011201,0,0,0.17713037650630223,0.20783804257486396,0.22987634150876035,0.22987634150876035,0,0,0.22987634150876035,0.22987634150876035
CensusTract36111950200,0,0,-0.178228418103478,-0.21129417883703241,-0.24869683649080931,-0.24869683649080931,0,0,-0.24869683649080931,-0.24869683649080931
CensusTract36119009701,0,0,0.17846014754463568,0.21134217792977752,0.2523437410086824,0.2523437410086824,0,0,0.2523437410086824,0.2523437410086824
CensusTract36071015006,0,0,-0.1797007296565217,-0.2041956429523884,-0.230952889829852,-0.230952889829852,0,0,-0.230952889829852,-0.230952889829852
CensusTract36059520100,0,0,0.17978265627117748,0.20944390810347221,0.24341287146693083,0.24341287146693083,0,0,0.24341287146693083,0.24341287146693083
CensusTract36119014810,0,0,0.18010029832111496,0.2128743985586943,0.25280975607606565,0.25280975607606565,0,0,0.25280975607606565,0.25280975607606565
CensusTract36101960600,0,0,0.18088933703805588,0.21220124228451795,0.22979484017587926,0.22979484017587926,0,0,0.22979484017587926,0.22979484017587926
Urban1:CountyOrange,0.029378865091933475,0.06169758921491616,0.18329488875469904,0.19865044399757706,0.21653762761817122,0.21653762761817122,0.04884122634817537,0.0630357336606581,0.21653762761817122,0.21653762761817122
CensusTract36075021402,0,0,0.18374884885498388,0.21555537270493874,0.2416061382086748,0.2416061382086748,0,0,0.2416061382086748,0.2416061382086748
Year2015:CensusTract36059407600,0,0,0.18510536956006005,0.22209960161894532,0.2634705297729837,0.2634705297729837,0,0,0.2634705297729837,0.2634705297729837
CensusTract36119011101,0,0,0.18604758271480856,0.2166879336217739,0.25549496250803044,0.25549496250803044,0,0,0.25549496250803044,0.25549496250803044
CensusTract36007013301,0,0,0.1863669895191217,0.21634155111364228,0.23900128550323022,0.23900128550323022,0,0,0.23900128550323022,0.23900128550323022
CensusTract36063020300,0,0,0.1867799230814635,0.21641667895538177,0.2265924084381355,0.2265924084381355,0,0,0.2265924084381355,0.2265924084381355
CensusTract36059519702,0,0,0.19184145327143534,0.2209383259223001,0.2547275280948598,0.2547275280948598,0,0,0.2547275280948598,0.2547275280948598
CensusTract36119014701,0,0,0.192193447242957,0.22463539043292033,0.2635497832373656,0.2635497832373656,0,0,0.2635497832373656,0.2635497832373656
CensusTract36119010901,0,0,0.19359120065898844,0.22493283353403787,0.26420360903108353,0.26420360903108353,0,0,0.26420360903108353,0.26420360903108353
CensusTract36055007000,0,0,0.19449990611110185,0.21544320197103287,0.23800175770598567,0.23800175770598567,0,0,0.23800175770598567,0.23800175770598567
CensusTract36029010102,0,0,0.1960902453072751,0.2272652415038861,0.2587589732368149,0.2587589732368149,0,0,0.2587589732368149,0.2587589732368149
CensusTract36013036000,0,0,0.19737741655473595,0.2271015242393914,0.24057838771323947,0.24057838771323947,0,0,0.24057838771323947,0.24057838771323947
CensusTract36067010600,0,0,0.1979668246973594,0.2291306440426029,0.2596236203806642,0.2596236203806642,0,0,0.2596236203806642,0.2596236203806642
TractLOWI,0,-0.007309962349607967,-0.1994316429822579,-0.2003282946513871,-0.28091344690102094,-0.28091344690102094,-0.04287300963328439,-0.07653967571288835,-0.28091344690102094,-0.28091344690102094
CensusTract36119014903,0,0,0.1999117147687436,0.2325228299944332,0.2735577355877015,0.2735577355877015,0,0,0.2735577355877015,0.2735577355877015
CensusTract36015000400,0,0,0.20010070899854798,0.23103263416997077,0.24656679777225107,0.24656679777225107,0,0,0.24656679777225107,0.24656679777225107
CensusTract36027140500,0,0,-0.20039409798386307,-0.2342926745839118,-0.27177464349571767,-0.27177464349571767,0,0,-0.27177464349571767,-0.27177464349571767
CensusTract36029005300,0,0,0.20162746440278936,0.23154506266955496,0.2643047950301329,0.2643047950301329,0,0,0.2643047950301329,0.2643047950301329
CensusTract36119011102,0,0,0.20280032676115942,0.2354259776745778,0.27635390565724327,0.27635390565724327,0,0,0.27635390565724327,0.27635390565724327
CensusTract36063024002,0,0,0.20342378146581352,0.23491285575680795,0.2527005822267338,0.2527005822267338,0,0,0.2527005822267338,0.2527005822267338
CensusTract36029004300,0,0,0.20513397836260208,0.2326942226036809,0.26126980340302153,0.26126980340302153,0,0,0.26126980340302153,0.26126980340302153
CensusTract36019102100,0,0,0.20640316133440648,0.23838736934188332,0.2583003398670947,0.2583003398670947,0,0,0.2583003398670947,0.2583003398670947
CensusTract36069051700,0,0,0.2075659822084889,0.2382292679787773,0.24080380288033898,0.24080380288033898,0,0,0.24080380288033898,0.24080380288033898
CensusTract36059302000,0,0,0.2080895768332062,0.237008376480641,0.27010741725055437,0.27010741725055437,0,0,0.27010741725055437,0.27010741725055437
CensusTract36029015503,0,0,0.20938651655650262,0.24064293330873368,0.27418297395548186,0.27418297395548186,0,0,0.27418297395548186,0.27418297395548186
CensusTract36029008300,0,0,0.212208386119911,0.2442353384542451,0.2774442235149674,0.2774442235149674,0,0,0.2774442235149674,0.2774442235149674
CensusTract36119013600,0,0,0.21286324956399594,0.2444717056112172,0.28008574506498324,0.28008574506498324,0,0,0.28008574506498324,0.28008574506498324
CensusTract36119014000,0,0,0.2137487790764119,0.2469900103502452,0.28804992660801065,0.28804992660801065,0,0,0.28804992660801065,0.28804992660801065
CensusTract36029010001,0,0,0.21375090363999227,0.24465503742233083,0.2676930064134099,0.2676930064134099,0,0,0.2676930064134099,0.2676930064134099
CountyNew York,-0.372183689840475,-0.4031812821071112,-0.2155750714728546,-0.21312312114166965,-0.20922317098987012,-0.20922317098987012,-0.4010212464317587,-0.422581710623133,-0.20922317098987012,-0.20922317098987012
CensusTract36119009702,0,0,0.2166531631847449,0.2496234751042224,0.2904485759006107,0.2904485759006107,0,0,0.2904485759006107,0.2904485759006107
CensusTract36067005700,0,0,0.21673662126343024,0.2447369270592588,0.27368451532795235,0.27368451532795235,0,0,0.27368451532795235,0.27368451532795235
CensusTract36093033500,0,0,0.22112899045942788,0.25182661662997524,0.2844951794159212,0.2844951794159212,0,0,0.2844951794159212,0.2844951794159212
CensusTract36027300000,0,0,-0.22121479270798616,-0.2565054748012723,-0.29638727249787544,-0.29638727249787544,0,0,-0.29638727249787544,-0.29638727249787544
Urban1:CountyLivingston,0,0,0.2220700130289322,0.24801154094222005,0.27718195607783475,0.27718195607783475,0,0,0.27718195607783475,0.27718195607783475
CensusTract36079010700,0,0,-0.2228152145125236,-0.252562502194545,-0.2856345468388935,-0.2856345468388935,0,0,-0.2856345468388935,-0.2856345468388935
CensusTract36029012400,0,0,0.22343761281363614,0.2549816219216947,0.28750505018463485,0.28750505018463485,0,0,0.28750505018463485,0.28750505018463485
CensusTract36077590400,0,0,0.2241539958703316,0.2584908593777452,0,0,0,0,0,0
CensusTract36119014909,0,0,0.2252011690394642,0.2580940674015741,0.29932414435764143,0.29932414435764143,0,0,0.29932414435764143,0.29932414435764143
Year2015:CensusTract36045060600,0,0,0.2258057028657395,0.2602964825512077,0,0,0,0,0,0
CensusTract36077590700,0,0,0.2267658573889999,0.26109661859533556,0,0,0,0,0,0
CensusTract36059415802,0,0,0.22977022628776006,0.258491999475685,0.2917484005604254,0.2917484005604254,0,0,0.2917484005604254,0.2917484005604254
CountyOtsego,0,0,0.2308477403178844,0.22069487111938083,0,0,0,0,0,0
Urban1:CountyWayne,0,0,0.23182549667985908,0.2587150455235575,0.28933239219443607,0.28933239219443607,0,0,0.28933239219443607,0.28933239219443607
Year2019:CensusTract36119984000,0,0,0.2347360949183823,0.2777162231971665,0.3232037853857297,0.3232037853857297,0,0,0.3232037853857297,0.3232037853857297
CensusTract36029013001,0,0,0.23620249279911743,0.26677054230441166,0.2985870739214394,0.2985870739214394,0,0,0.2985870739214394,0.2985870739214394
CensusTract36077591500,0,0,0.23856841625280606,0.2726693948458859,0,0,0,0,0,0
CensusTract36029017400,0,0,0.23866949604245136,0.26982823952741053,0.30147374732499166,0.30147374732499166,0,0,0.30147374732499166,0.30147374732499166
CensusTract36081091800,0,0,0.2389950204076422,0.2743743434926923,0.3145296651335052,0.3145296651335052,0,0,0.3145296651335052,0.3145296651335052
CensusTract36007014200,0,0,0.23979163325261152,0.2708010611863747,0.303312407297025,0.303312407297025,0,0,0.303312407297025,0.303312407297025
Year2015:CensusTract36001014801,0,0,0.24011872541043686,0.27387160672218663,0,0,0,0,0,0
CensusTract36029017501,0,0,0.2408534482145677,0.26501403326100187,0.29560906117545804,0.29560906117545804,0,0,0.29560906117545804,0.29560906117545804
CensusTract36029000500,0,0,0.2443070760860791,0.2755188919509536,0.30874659276511507,0.30874659276511507,0,0,0.30874659276511507,0.30874659276511507
Year2015:CensusTract36001014802,0,0,0.24593433419003127,0.2801870522666541,0,0,0,0,0,0
CensusTract36013035800,0,0,0.24726750417280127,0.27789267122461886,0.3110559091396111,0.3110559091396111,0,0,0.3110559091396111,0.3110559091396111
CensusTract36093021001,0,0,0.2475213813523038,0.275477113605323,0.3066035097911368,0.3066035097911368,0,0,0.3066035097911368,0.3066035097911368
Year2019:CensusTract36003951300,0,0,0.24762985832412043,0.28171840057399294,0,0,0,0,0,0
CensusTract36081092800,0,0,0.24967028121380663,0.27758522432123295,0.3072910177337172,0.3072910177337172,0,0,0.3072910177337172,0.3072910177337172
CensusTract36077590600,0,0,0.24991102479042177,0.28393820383379165,0,0,0,0,0,0
CensusTract36059981100,0,0,0.25149990751851514,0.2879094556805723,0.3198286293932308,0.3198286293932308,0,0,0.3198286293932308,0.3198286293932308
CensusTract36049950100,0,0,0.25349103566890757,0.28593367645625223,0,0,0,0,0,0
CensusTract36059521400,0,0,0.2541766132593802,0.28293486196821915,0.31590005604121935,0.31590005604121935,0,0,0.31590005604121935,0.31590005604121935
CensusTract36029012502,0,0,0.2546467924970286,0.2864750937069243,0.32027114925062017,0.32027114925062017,0,0,0.32027114925062017,0.32027114925062017
CensusTract36049950200,0,0,0.2547792101335135,0.28731926797495355,0,0,0,0,0,0
CensusTract36077590100,0,0,0.25480302490721213,0.2886170239151053,0,0,0,0,0,0
Year2015:CensusTract36121970900,0,0,0.2551163883846542,0.28861497711398076,0,0,0,0,0,0
CountyNassau,0.009558237085068881,0.009966203112221716,-0.2568323810877416,-0.25538801191848964,-0.251950318456615,-0.251950318456615,0.010353435539182164,0.007090693644589202,-0.251950318456615,-0.251950318456615
CensusTract36059408300,0,0,0.25702458275380213,0.2846135482083718,0.31570439743028705,0.31570439743028705,0,0,0.31570439743028705,0.31570439743028705
CensusTract36027140300,0,0,-0.26003111482589203,-0.29526283512654383,-0.3341487630854992,-0.3341487630854992,0,0,-0.3341487630854992,-0.3341487630854992
CensusTract36063022601,0,0,0.2607996609894696,0.2895972630947975,0.3206751550808738,0.3206751550808738,0,0,0.3206751550808738,0.3206751550808738
CensusTract36049950700,0,0,0.2621485139561155,0.29460944875314177,0,0,0,0,0,0
CensusTract36059517701,0,0,0.2673479894796253,0.2948363659184885,0.32657641622627115,0.32657641622627115,0,0,0.32657641622627115,0.32657641622627115
Year2015:CensusTract36025971300,0,0,0.2677681193233329,0.30138357473161237,0,0,0,0,0,0
CensusTract36081091601,0,0,0.26795183022390745,0.29565324266757304,0.32516673406482177,0.32516673406482177,0,0,0.32516673406482177,0.32516673406482177
CensusTract36029000110,0,0,0.2690129401607153,0.3001566681542675,0.3308985682605904,0.3308985682605904,0,0,0.3308985682605904,0.3308985682605904
Urban1:Year2015:CountySeneca,0,0,0.26942441191598665,0.2975430678515253,0.3276603753524948,0.3276603753524948,0,0,0.3276603753524948,0.3276603753524948
CensusTract36081107201,0,0,0.2705673220899227,0.29908698794138,0.3286487645918689,0.3286487645918689,0,0,0.3286487645918689,0.3286487645918689
CountyRichmond,0,-0.023042440879849555,-0.2714365018186442,-0.26743405699951406,-0.26263012703813865,-0.26263012703813865,-4.995495258381367e-4,-0.03099866018721968,-0.26263012703813865,-0.26263012703813865
CensusTract36059300100,0,0,0.2720084492573518,0.30116881542062085,0.3339061088068858,0.3339061088068858,0,0,0.3339061088068858,0.3339061088068858
CensusTract36081092200,0,0,0.2723219360986382,0.3002255423445662,0.3300739874624055,0.3300739874624055,0,0,0.3300739874624055,0.3300739874624055
CensusTract36059415700,0,0,0.2742520258964247,0.30319228690527494,0.33613179183421815,0.33613179183421815,0,0,0.33613179183421815,0.33613179183421815
CensusTract36029005202,0,0,0.27538563607007605,0.30386253780679523,0.33467693361010586,0.33467693361010586,0,0,0.33467693361010586,0.33467693361010586
CensusTract36029004401,0,0,0.27953149111230413,0.3062101558204914,0.3342576891554881,0.3342576891554881,0,0,0.3342576891554881,0.3342576891554881
CensusTract36069051800,0,0,0.28123055570577116,0.31211482696206594,0.341332832681491,0.341332832681491,0,0,0.341332832681491,0.341332832681491
CensusTract36055006900,0,0,0.2842173489384503,0.30529235511800434,0.32549297874409716,0.32549297874409716,0,0,0.32549297874409716,0.32549297874409716
CensusTract36059416100,0,0,0.28492426532045767,0.31345623769566183,0.3460358981679267,0.3460358981679267,0,0,0.3460358981679267,0.3460358981679267
CensusTract36029016400,0,0,0.2865435748548447,0.31530515586666524,0.34409184564125955,0.34409184564125955,0,0,0.34409184564125955,0.34409184564125955
Urban1:CountySullivan,0,0,0.28703721461475995,0.3098438432491857,0.3353717342647543,0.3353717342647543,0,0,0.3353717342647543,0.3353717342647543
CensusTract36045980000,0,0,0.288259363683521,0.3238018797534739,0,0,0,0,0,0
CensusTract36049950600,0,0,0.2901612802151869,0.3226456066843681,0,0,0,0,0,0
CensusTract36059982100,0,0,0.29019187453233125,0.3253970580982158,0.35717468103154415,0.35717468103154415,0,0,0.35717468103154415,0.35717468103154415
CensusTract36029017000,0,0,0.29216572130605184,0.3190294342585868,0.34616184842142333,0.34616184842142333,0,0,0.34616184842142333,0.34616184842142333
CensusTract36059518501,0,0,0.29283350765999705,0.3203163690380942,0.3509799317439029,0.3509799317439029,0,0,0.3509799317439029,0.3509799317439029
Year2015:CensusTract36111955300,0,0,0.29806179925692816,0.33096357958843947,0,0,0,0,0,0
CensusTract36059518203,0,0,0.2988995817522095,0.32727155701339516,0.358468281127715,0.358468281127715,0,0,0.358468281127715,0.358468281127715
CensusTract36059518201,0,0,0.3009001615584362,0.32967511309865305,0.3622127978545904,0.3622127978545904,0,0,0.3622127978545904,0.3622127978545904
CensusTract36029008400,0,0,0.30131250107699276,0.33167401641069816,0.363882656616008,0.363882656616008,0,0,0.363882656616008,0.363882656616008
Urban1:CountyDutchess,0,0.0075625357110260735,0.3013575087537513,0.3216043348132177,0.34456796715901317,0.34456796715901317,0,0.00720654518818855,0.34456796715901317,0.34456796715901317
CensusTract36059412600,0,0,0.3046294095430299,0.33405615326382415,0.36729518145068707,0.36729518145068707,0,0,0.36729518145068707,0.36729518145068707
CensusTract36059415402,0,0,0.30502242146780784,0.3339890798516622,0.36655053600808984,0.36655053600808984,0,0,0.36655053600808984,0.36655053600808984
CensusTract36119011000,0,0,0.3109800154331044,0.3410052184064198,0.37787049259596023,0.37787049259596023,0,0,0.37787049259596023,0.37787049259596023
CensusTract36059301000,0,0,0.3125047386699116,0.34082710713775605,0.3727492646010464,0.3727492646010464,0,0,0.3727492646010464,0.3727492646010464
CensusTract36059518300,0,0,0.31603513335694255,0.34383159750165115,0.3754365198509319,0.3754365198509319,0,0,0.3754365198509319,0.3754365198509319
CensusTract36033950200,0,0,0.3172261304282513,0.3445585676925882,0,0,0,0,0,0
CensusTract36059518400,0,0,0.3173203708003641,0.3450551007435972,0.3765592085395489,0.3765592085395489,0,0,0.3765592085395489,0.3765592085395489
CensusTract36033950300,0,0,0.31978881469144843,0.34706821627679724,0,0,0,0,0,0
CensusTract36033950700,0,0,0.3200622206230714,0.3470497730270598,0,0,0,0,0,0
Year2015:CensusTract36111950900,0,0,0.3212513561441311,0.3541168859673455,0,0,0,0,0,0
CensusTract36059408100,0,0,0.3233856266559688,0.35126477477198914,0.3820294256390642,0.3820294256390642,0,0,0.3820294256390642,0.3820294256390642
CensusTract36065020102,0,0,0.32356351331764693,0.3558562201498798,0.38747896199850274,0.38747896199850274,0,0,0.38747896199850274,0.38747896199850274
CensusTract36029004200,0,0,0.3256531309103565,0.3527661569414705,0.3805671866694696,0.3805671866694696,0,0,0.3805671866694696,0.3805671866694696
CensusTract36029004001,0,0,0.3304714349343104,0.35797947852281414,0.3867042018580393,0.3867042018580393,0,0,0.3867042018580393,0.3867042018580393
CensusTract36089491800,0,0,0.3379754958209841,0.3639592156128764,0,0,0,0,0,0
CensusTract36029003901,0,0,0.33822483854103114,0.3643318037996231,0.3932278847267915,0.3932278847267915,0,0,0.3932278847267915,0.3932278847267915
CensusTract36059416900,0,0,0.33974902652603484,0.3684968136654287,0.40064270680410674,0.40064270680410674,0,0,0.40064270680410674,0.40064270680410674
Urban1:CountyUlster,0,0,0.3456531540489484,0.3653060691053714,0.38855052744791535,0.38855052744791535,0,0,0.38855052744791535,0.38855052744791535
CensusTract36089492600,0,0,0.3486368320739997,0.3740020563225377,0,0,0,0,0,0
CensusTract36059518000,0,0,0.3496962920578865,0.3775017729761706,0.4060611583734211,0.4060611583734211,0,0,0.4060611583734211,0.4060611583734211
CensusTract36033950800,0,0,0.3510514846843161,0.3768644446877648,0,0,0,0,0,0
CensusTract36059517801,0,0,0.35327357295309053,0.3822697763234474,0.41420454575733356,0.41420454575733356,0,0,0.41420454575733356,0.41420454575733356
CensusTract36067006102,0,0,0.3538709703887576,0.38222838684326055,0.4117339335887393,0.4117339335887393,0,0,0.4117339335887393,0.4117339335887393
CensusTract36059517705,0,0,0.35396477051697334,0.382542123937642,0.4144422837067585,0.4144422837067585,0,0,0.4144422837067585,0.4144422837067585
Urban1:CountyPutnam,0,0,0.3566528209780202,0.37273156761144205,0.3915166822168706,0.3915166822168706,0,0,0.3915166822168706,0.3915166822168706
CensusTract36059414501,0,0,0.35822306930538317,0.38460885182184484,0.41246276288475364,0.41246276288475364,0,0,0.41246276288475364,0.41246276288475364
CensusTract36089492800,0,0,0.35874648121222324,0.38402734321923016,0,0,0,0,0,0
CensusTract36085017600,0,0,0.37337780751970534,0.3997507691944729,0.42695688848484165,0.42695688848484165,0,0,0.42695688848484165,0.42695688848484165
CensusTract36089492900,0,0,0.3734656621997717,0.3990573432477547,0,0,0,0,0,0
CensusTract36085017005,0,0,0.3761056798323382,0.4021526914109881,0.4292231073492081,0.4292231073492081,0,0,0.4292231073492081,0.4292231073492081
CensusTract36059416300,0,0,0.37692676568744715,0.40578015579478205,0.43681870024500963,0.43681870024500963,0,0,0.43681870024500963,0.43681870024500963
CensusTract36119981000,0,0,0.38014022142830384,0.40644146637759543,0.45245232996397194,0.45245232996397194,0,0,0.45245232996397194,0.45245232996397194
CensusTract36089492300,0,0,0.38427222485896867,0.40916460869065496,0,0,0,0,0,0
Urban1:CensusTract36029009115,0,0,0.38519041478474264,0.41527304251082936,0.0073666900498039235,0.0073666900498039235,0,0,0.0073666900498039235,0.0073666900498039235
CensusTract36059517802,0,0,0.3926280638455375,0.42132851876051836,0.4506199543687211,0.4506199543687211,0,0,0.4506199543687211,0.4506199543687211
CensusTract36063020200,0,0,0.4021402697597869,0.43106306002829625,0.4611008345877099,0.4611008345877099,0,0,0.4611008345877099,0.4611008345877099
CensusTract36059517000,0,0,0.40344769311888595,0.43153784972412124,0.460609579380194,0.460609579380194,0,0,0.460609579380194,0.460609579380194
CensusTract36059302502,0,0,0.40631637659560865,0.43413466463070616,0.4640416127147449,0.4640416127147449,0,0,0.4640416127147449,0.4640416127147449
CensusTract36059413804,0,0,0.4109282044686505,0.43770266945155917,0.4659893889100067,0.4659893889100067,0,0,0.4659893889100067,0.4659893889100067
CensusTract36059517902,0,0,0.41295620108387737,0.441734459347441,0.47187974098053864,0.47187974098053864,0,0,0.47187974098053864,0.47187974098053864
CensusTract36085027900,0,0,0.4173187370286344,0.4437313059435044,0.4703788862354629,0.4703788862354629,0,0,0.4703788862354629,0.4703788862354629
Urban1:CountyColumbia,0,0,0.4246641349476971,0.44399388120703714,0.46607226973393867,0.46607226973393867,0,0,0.46607226973393867,0.46607226973393867
CensusTract36013036700,0,0,0.42790752261095383,0.4533381781414733,0,0,0,0,0,0
CensusTract36101962000,0,0,0.4281729079778928,0.4534105649347425,0,0,0,0,0,0
CensusTract36067016901,0,0,0.43508371799406387,0.4597133099981433,0,0,0,0,0,0
CensusTract36067016801,0,0,0.4372920695821023,0.46162625025054027,0,0,0,0,0,0
CensusTract36101961800,0,0,0.44412544183211483,0.4689944636002075,0,0,0,0,0,0
CensusTract36045060700,0,0,0.44764447836798393,0.47230189195137945,0,0,0,0,0,0
CensusTract36059414502,0,0,0.4498265705000095,0.47697647596254444,0.5036644745735445,0.5036644745735445,0,0,0.5036644745735445,0.5036644745735445
CensusTract36075020100,0,0,0.4507978913656008,0.47553025109903296,0,0,0,0,0,0
CensusTract36083052103,0,0,0.4535323369878925,0.4777312043010793,0,0,0,0,0,0
CensusTract36017970200,0,0,0.4559513715849069,0.48054620405890286,0,0,0,0,0,0
CensusTract36019100300,0,0,0.4561149305968406,0.48058107806151584,0,0,0,0,0,0
CensusTract36023970200,0,0,0.45684985904479414,0.4811756163058648,0,0,0,0,0,0
CensusTract36067016802,0,0,0.461795299705901,0.4862674696815064,0,0,0,0,0,0
CensusTract36083052603,0,0,0.46436863962553043,0.48843208919861647,0,0,0,0,0,0
CensusTract36019101800,0,0,0.46500035516809607,0.4891029219623969,0,0,0,0,0,0
CensusTract36043011400,0,0,0.46784290090770597,0.4921072292756863,0,0,0,0,0,0
CensusTract36121970400,0,0,0.47104605481303996,0.4950763543909203,0,0,0,0,0,0
CensusTract36031961400,0,0,0.4743176518135167,0.49823811682277996,0,0,0,0,0,0
CensusTract36043011501,0,0,0.4753775285044728,0.49966975720843676,0,0,0,0,0,0
Urban1:Year2019:CountyMontgomery,0,0,0.47659988312993873,0.49608191385920336,0.517681011378053,0.517681011378053,0,0,0.517681011378053,0.517681011378053
CensusTract36061000100,0,0,0.47824366775445193,0.50819299252144,0.5418211903207251,0.5418211903207251,0,0,0.5418211903207251,0.5418211903207251
CensusTract36115090000,0,0,0.48704263444988877,0.5111244332306687,0,0,0,0,0,0
CensusTract36041950300,0,0,0.4929240020735682,0.5162518971727063,0,0,0,0,0,0
CensusTract36041950100,0,0,0.501076792805218,0.5243860723892696,0,0,0,0,0,0
CensusTract36021000100,0,0,0.5033902604980772,0.5270425755412319,0,0,0,0,0,0
CensusTract36019100400,0,0,0.5116109689276754,0.5347669953187607,0,0,0,0,0,0
TractKids,0.40759383169139624,0.3834322030247521,0.5438981785105707,0.5347648733747524,0.37668777638306294,0.37668777638306294,0.15904991950020478,0.18184497434993366,0.37668777638306294,0.37668777638306294
Urban1:TractAIAN,0,0,0.5651695569014797,0.6468282225792534,0.6755691997193939,0.6755691997193939,0,0,0.6755691997193939,0.6755691997193939
